{
"type": "FeatureCollection",
"name": "doubs_river_buff",
"crs": { "type": "name", "properties": { "name": "urn:ogc:def:crs:EPSG::32631" } },
"features": [
{ "type": "Feature", "properties": { "name": "Le Doubs", "osm_id": "156145", "doubs_type": "main_stream" }, "geometry": { "type": "Polygon", "coordinates": [ [ [ 646558.343276624800637, 5193490.124788486398757 ], [ 646461.032592128263786, 5193756.355886906385422 ], [ 646338.033273960929364, 5194156.719120913185179 ], [ 646236.1559147805674, 5194562.970957957208157 ], [ 646155.679753347299993, 5194973.997889989055693 ], [ 646096.825369225931354, 5195388.673320758156478 ], [ 646059.75407819240354, 5195805.860653734765947 ], [ 646044.567490078508854, 5196224.416407435201108 ], [ 646051.307230266742408, 5196643.19334963336587 ], [ 646079.9548255976988, 5197061.043641839176416 ], [ 646130.431755003868602, 5197476.821985445916653 ], [ 646202.599664730369113, 5197889.388760914094746 ], [ 646296.260747552965768, 5198297.613151389174163 ], [ 646411.158284953911789, 5198700.376242193393409 ], [ 646546.977350769680925, 5199096.574087688699365 ], [ 646703.345674381474964, 5199485.12073712144047 ], [ 646879.834661083295941, 5199864.951211133040488 ], [ 647075.960566830239259, 5200235.024420794099569 ], [ 647291.185824147192761, 5200594.32602116279304 ], [ 647524.920515563921072, 5200941.871191526763141 ], [ 647776.523990537971258, 5201276.707334729842842 ], [ 648045.306621433235705, 5201597.916688179597259 ], [ 648330.531693741329946, 5201904.618839364498854 ], [ 648631.417425364605151, 5202195.973139006644487 ], [ 648947.139109427225776, 5202471.181005222722888 ], [ 649276.831374738598242, 5202729.488112380728126 ], [ 649619.590557716088369, 5202970.186458655633032 ], [ 649974.477179264184088, 5203192.616306609474123 ], [ 650340.518519820878282, 5203396.167991490103304 ], [ 650716.711285515222698, 5203580.283592279069126 ], [ 651102.024358125054277, 5203744.458460911177099 ], [ 651495.40162130119279, 5203888.242605484090745 ], [ 651895.76485530869104, 5204011.241923651657999 ], [ 652302.01669235189911, 5204113.119282832369208 ], [ 652713.043624383746646, 5204193.595444265753031 ], [ 653127.719055153662339, 5204252.449828387238085 ], [ 653544.906388129689731, 5204289.521119420416653 ], [ 653837.010768790380098, 5204300.11963318195194 ], [ 654107.685049804160371, 5204550.044841255061328 ], [ 654132.871270179399289, 5204595.101852152496576 ], [ 654199.600886710337363, 5204704.55633313767612 ], [ 654209.315195707604289, 5204720.448751715943217 ], [ 654231.448494579293765, 5204756.563845744356513 ], [ 654295.204723717062734, 5204858.857635055668652 ], [ 654308.79968748963438, 5204880.30839207675308 ], [ 654579.12314702779986, 5205279.683319360017776 ], [ 654873.019831702462398, 5205662.044201324693859 ], [ 654894.806770638562739, 5205688.686881103552878 ], [ 655069.39533442875836, 5205894.975768368691206 ], [ 655086.979943061713129, 5205915.055383454076946 ], [ 655350.641875250730664, 5206201.735675355419517 ], [ 655368.371820575091988, 5206220.095655418001115 ], [ 655513.208333936869167, 5206366.269121309742332 ], [ 655533.900381671846844, 5206386.621832503937185 ], [ 655879.326400361955166, 5206706.928507681936026 ], [ 655895.725458197877742, 5206721.260536024346948 ], [ 656262.926771497121081, 5207023.407828288152814 ], [ 656271.931245973217301, 5207030.378765130415559 ], [ 656489.186381820240058, 5207192.755120386369526 ], [ 656501.871531027951278, 5207201.904981033876538 ], [ 656922.152973981690593, 5207485.256845636293292 ], [ 657359.534890944371, 5207741.424425900913775 ], [ 657384.319393177051097, 5207754.904508189298213 ], [ 657688.5532149404753, 5207912.03299873508513 ], [ 657999.232200301950797, 5208055.998789465986192 ], [ 658011.554198030964471, 5208061.391436909325421 ], [ 658363.80003653280437, 5208205.664680260233581 ], [ 658722.509842609521002, 5208333.019203200936317 ], [ 658743.02097308950033, 5208339.756344247609377 ], [ 659215.395332183106802, 5208478.959800239652395 ], [ 659236.782739062211476, 5208484.55308735743165 ], [ 659505.124807963497005, 5208549.803687701933086 ], [ 659542.544048913870938, 5208558.221336371265352 ], [ 659920.909024224267341, 5208633.799435558728874 ], [ 659950.639174992917106, 5208638.995821081101894 ], [ 660098.982239705277607, 5208663.489699494093657 ], [ 660194.142159890849143, 5208678.284954172559083 ], [ 660214.257628751569428, 5208681.38626124151051 ], [ 660267.821395853534341, 5208689.574724522419274 ], [ 660426.321001249598339, 5208708.658246902748942 ], [ 660712.692110170959495, 5208754.133578281849623 ], [ 661214.122159254620783, 5208801.667096534743905 ], [ 661327.507663489202969, 5208808.823082055896521 ], [ 661817.036193429375999, 5208824.695243042893708 ], [ 662306.618567088502459, 5208810.581188981421292 ], [ 662363.092113857157528, 5208807.220602616667747 ], [ 662524.14095821196679, 5208793.705809443257749 ], [ 662631.333215760416351, 5208803.524683749303222 ], [ 663015.24148713320028, 5208820.161188610829413 ], [ 663399.505757565842941, 5208818.343335137702525 ], [ 663783.239443322643638, 5208798.075317526236176 ], [ 664165.557184845325537, 5208759.403898631222546 ], [ 664208.194818570977077, 5208754.053789163939655 ], [ 664673.83235465886537, 5208681.638528469018638 ], [ 665134.398350186995231, 5208581.932717410847545 ], [ 665588.29476863401942, 5208455.282307555899024 ], [ 665739.939908431493677, 5208408.112841076217592 ], [ 665764.574122765334323, 5208399.731192671693861 ], [ 666062.339766481309198, 5208426.356298166327178 ], [ 666474.076837632106617, 5208441.873683260753751 ], [ 666493.532085349434055, 5208442.10550538264215 ], [ 666889.48695524642244, 5208437.022492366842926 ], [ 667284.705237439251505, 5208412.352562554180622 ], [ 667678.21860949206166, 5208368.156159622594714 ], [ 668069.06292616087012, 5208304.541568968445063 ], [ 668456.280581642058678, 5208221.664652397856116 ], [ 668838.922855796874501, 5208119.728466251865029 ], [ 669216.052238606964238, 5207998.982763893902302 ], [ 669586.744727162760682, 5207859.723383798263967 ], [ 669599.895569016342051, 5207854.407950908876956 ], [ 669657.868412596872076, 5207829.124624601565301 ], [ 669856.086884330143221, 5207860.146377057768404 ], [ 669866.456110841827467, 5207861.221100252121687 ], [ 670120.610149028943852, 5208011.784019687213004 ], [ 670466.722745037521236, 5208194.571736044250429 ], [ 670821.361616167007014, 5208360.211554477922618 ], [ 671183.67781637085136, 5208508.306961013004184 ], [ 671237.022521041333675, 5208528.603020337410271 ], [ 671645.114121899940073, 5208671.370052678510547 ], [ 672060.322515965090133, 5208791.882167058996856 ], [ 672481.435027564060874, 5208889.787390563637018 ], [ 672638.775693329749629, 5208917.506665370427072 ], [ 672652.596901759738103, 5209000.868511936627328 ], [ 672735.769173983833753, 5209384.684873915277421 ], [ 672803.453267716802657, 5209663.74710332788527 ], [ 672895.842514879186638, 5210010.519845049828291 ], [ 673003.690648655057885, 5210352.800267267040908 ], [ 673113.927980269654654, 5210677.099294020794332 ], [ 673126.191006406210363, 5210712.89692020136863 ], [ 673164.313691513612866, 5210823.330231105908751 ], [ 673307.956519864615984, 5211207.250033225864172 ], [ 673471.075985781266354, 5211583.308162291534245 ], [ 673653.243830125313252, 5211950.517303086817265 ], [ 673853.981783527415246, 5212307.913372820243239 ], [ 674072.762822051183321, 5212654.558052252978086 ], [ 674309.012550859712064, 5212989.541249196976423 ], [ 674562.110712249064818, 5213311.98348789755255 ], [ 674831.392814094317146, 5213621.038218038156629 ], [ 675116.151874427916482, 5213915.894037303514779 ], [ 675415.640277573256753, 5214195.776821658946574 ], [ 675729.071736959274858, 5214459.951757759787142 ], [ 676055.62335946271196, 5214707.725272157229483 ], [ 676394.437805858207867, 5214938.446852228604257 ], [ 676744.625541704823263, 5215151.510754049755633 ], [ 677105.26717275835108, 5215346.357592741027474 ], [ 677255.212378928321414, 5215422.473040168173611 ], [ 677386.06205191614572, 5215484.783731485716999 ], [ 677605.278449060861021, 5215659.736882862634957 ], [ 677947.932469852850772, 5215904.829053848981857 ], [ 678303.01363897905685, 5216131.54322097543627 ], [ 678604.3138746637851, 5216302.288842108100653 ], [ 678708.118613345897757, 5216550.675011719577014 ], [ 678725.471548010245897, 5216589.191775765269995 ], [ 678925.714321415871382, 5217001.665122047066689 ], [ 679149.258895328268409, 5217401.989057340659201 ], [ 679395.370955757331103, 5217788.848571125417948 ], [ 679663.242057541734539, 5218160.97288170363754 ], [ 679951.992279982776381, 5218517.139610546641052 ], [ 680045.849908166797832, 5218626.357866456732154 ], [ 680171.914504849934019, 5218763.402893403545022 ], [ 680181.793354346882552, 5218786.987191895022988 ], [ 680367.146288882708177, 5219170.746960795484483 ], [ 680572.67268381791655, 5219544.091535621322691 ], [ 680639.796163983060978, 5219658.687972596846521 ], [ 680847.821534594171681, 5219994.539217078126967 ], [ 681072.1732821528567, 5220319.711335508152843 ], [ 681138.948794723022729, 5220406.94488035980612 ], [ 681211.911580957937986, 5220580.848983767442405 ], [ 681401.552650578203611, 5220971.857446849346161 ], [ 681612.146171259577386, 5221351.9912687279284 ], [ 681843.070723136188462, 5221720.12874960899353 ], [ 682093.644893486518413, 5222075.183588530868292 ], [ 682132.2402725830907, 5222126.83466839697212 ], [ 682189.282073259702884, 5222204.151884603314102 ], [ 682490.254833735292777, 5222587.127731173299253 ], [ 682813.976802906952798, 5222951.077162112109363 ], [ 683159.247907513636164, 5223294.650976493023336 ], [ 683288.343210424878635, 5223415.516669146716595 ], [ 683663.755099714617245, 5223745.60172285977751 ], [ 683941.792875974904746, 5223975.071676342748106 ], [ 684307.574996773852035, 5224259.557743561454117 ], [ 684689.215026041609235, 5224522.388050791807473 ], [ 684953.580381116364151, 5224682.71683928463608 ], [ 684984.997996366699226, 5224705.237902533262968 ], [ 685349.38605571037624, 5224937.718911234289408 ], [ 685725.798447176814079, 5225150.180175349116325 ], [ 686113.136363726691343, 5225342.001486995257437 ], [ 686510.269104992854409, 5225512.622889560647309 ], [ 686916.037377972621471, 5225661.546312305144966 ], [ 687276.143553955596872, 5225772.039985022507608 ], [ 687399.431575804483145, 5225947.871026039123535 ], [ 687527.057775951689109, 5226200.52530094049871 ], [ 687726.285966366762295, 5226550.064294703304768 ], [ 687942.835403754608706, 5226889.144994808360934 ], [ 688176.158389315707609, 5227216.909795275889337 ], [ 688425.664800440310501, 5227532.529710402712226 ], [ 688690.723583252285607, 5227835.206471437588334 ], [ 688970.66434867575299, 5228124.174545575864613 ], [ 689261.914467306691222, 5228410.067557953298092 ], [ 689683.576015543541871, 5228795.398093623109162 ], [ 689778.166249402449466, 5228875.833384029567242 ], [ 689899.340341767063364, 5228976.337512294761837 ], [ 689927.576651290408336, 5229004.382669060491025 ], [ 690223.24975475599058, 5229270.211023884825408 ], [ 690271.069604280171916, 5229311.101473538205028 ], [ 690539.235159246483818, 5229530.534805834293365 ], [ 690548.137539254268631, 5229537.503055081702769 ], [ 690889.210058656753972, 5229790.173904272727668 ], [ 691243.204099229420535, 5230024.3986697467044 ], [ 691609.123095723800361, 5230239.517961133271456 ], [ 691985.93691171426326, 5230434.9261738602072 ], [ 692372.584739641984925, 5230610.073194049298763 ], [ 692767.97808720334433, 5230764.465947203338146 ], [ 692780.319042480550706, 5230768.911252524703741 ], [ 693184.720041614724323, 5230902.52935653924942 ], [ 693595.65898279089015, 5231014.436248400248587 ], [ 693602.787268902757205, 5231015.975188992917538 ], [ 693911.765705337747931, 5231173.938408209010959 ], [ 694304.510661579901353, 5231348.789297788403928 ], [ 694706.081372466986068, 5231502.289781168103218 ], [ 695115.318168081343174, 5231633.996574295684695 ], [ 695531.03924011788331, 5231743.529329692944884 ], [ 695952.044054752332158, 5231830.57173484750092 ], [ 696377.116819583345205, 5231894.872425662353635 ], [ 696805.029994641663507, 5231936.245712357573211 ], [ 696825.091794191277586, 5231937.101696891710162 ], [ 696852.383401144179516, 5231948.934289830736816 ], [ 697187.064626214792952, 5232076.563537956215441 ], [ 697227.776965758996084, 5232091.053625690750778 ], [ 697291.128056186134927, 5232119.157874944619834 ], [ 697772.973386299563572, 5232296.842572103254497 ], [ 697906.120505924103782, 5232341.14122296962887 ], [ 698305.063031365745701, 5232462.419108872301877 ], [ 698709.782668595667928, 5232562.745971950702369 ], [ 699057.567027314798906, 5232639.397125552408397 ], [ 699480.419535945984535, 5232720.726393763907254 ], [ 699907.035497195087373, 5232779.18591421097517 ], [ 700061.469209897564724, 5232796.127855584956706 ], [ 700475.018381504225545, 5232830.667637930251658 ], [ 700889.802250012638979, 5232843.715868697501719 ], [ 701304.704684438649565, 5232835.237436747178435 ], [ 701718.609234752249904, 5232805.255156468600035 ], [ 701886.985178906470537, 5232784.236238553188741 ], [ 702101.021068804082461, 5232864.105918142944574 ], [ 702474.818037530756555, 5232983.0681661227718 ], [ 702853.997063394403085, 5233083.564218875020742 ], [ 702938.155228807125241, 5233103.674521842971444 ], [ 703001.743818040471524, 5233118.436019748449326 ], [ 703130.351143445819616, 5233159.130004594102502 ], [ 703545.604602269362658, 5233266.416509725153446 ], [ 703966.010994282667525, 5233351.294627062045038 ], [ 704390.362006948329508, 5233413.520403858274221 ], [ 704817.437990283011459, 5233452.914993675425649 ], [ 705246.011462319758721, 5233469.365170411765575 ], [ 705269.851687840651721, 5233469.001511394046247 ], [ 705424.024577411357313, 5233636.367741788737476 ], [ 705501.27138795517385, 5233715.551123931072652 ], [ 705816.119697412592359, 5234021.06608783826232 ], [ 706147.242444432224147, 5234308.862157209776342 ], [ 706493.643835034454241, 5234578.07383550144732 ], [ 706854.282127380487509, 5234827.891515486873686 ], [ 707228.072764629381709, 5235057.563914012163877 ], [ 707358.756936044315808, 5235133.005519951693714 ], [ 707699.647264576633461, 5235318.91487683635205 ], [ 708049.156732579460368, 5235488.064623629674315 ], [ 708406.461980365565978, 5235640.056284481659532 ], [ 708770.721283277729526, 5235774.531803837046027 ], [ 709141.076534588471986, 5235891.174389930441976 ], [ 709516.655266991816461, 5235989.709261068142951 ], [ 709645.296271171537228, 5236020.142233481630683 ], [ 709854.595564457122236, 5236066.704069517552853 ], [ 709871.991672538570128, 5236070.330143064260483 ], [ 710287.097240284085274, 5236145.493738204240799 ], [ 710705.587820060318336, 5236198.671111647039652 ], [ 711126.299732123618014, 5236229.714395232498646 ], [ 711143.977538211969659, 5236230.084197451360524 ], [ 711335.551336018252186, 5236245.841623645275831 ], [ 711430.337514876271598, 5236250.849002618342638 ], [ 711840.472435109433718, 5236261.980093515478075 ], [ 712250.638659833581187, 5236252.069388451054692 ], [ 712659.757358603179455, 5236221.142954833805561 ], [ 713066.752456204616465, 5236169.282136217691004 ], [ 713470.553462978219613, 5236096.623338347300887 ], [ 713728.653659595991485, 5236036.375061850063503 ], [ 713819.176455322303809, 5236022.605186502449214 ], [ 714071.970773400389589, 5235972.97817307151854 ], [ 714148.125206037424505, 5236035.370437962934375 ], [ 714502.38508769928012, 5236294.492008061148226 ], [ 714870.322904154309072, 5236533.794776678085327 ], [ 714952.823476897319779, 5236584.287049119360745 ], [ 715293.479057390592061, 5236781.424990300089121 ], [ 715643.418261825689115, 5236961.569780882447958 ], [ 716001.794075522455387, 5237124.285387176088989 ], [ 716367.739063305663876, 5237269.177962178364396 ], [ 716740.367469098768197, 5237395.896798861213028 ], [ 717118.777359863859601, 5237504.135179048404098 ], [ 717189.480989311239682, 5237522.489915772341192 ], [ 717568.92066833563149, 5237611.188171910122037 ], [ 717952.229319063713774, 5237681.304710166528821 ], [ 718338.497530637308955, 5237732.673177028074861 ], [ 718704.456007418222725, 5237763.300945248454809 ], [ 718847.084252931410447, 5237873.86332929879427 ], [ 719201.420850369962864, 5238133.286710314452648 ], [ 719569.459014367428608, 5238372.875576380640268 ], [ 719950.089714161120355, 5238591.907960462383926 ], [ 720342.165973169496283, 5238789.723839561454952 ], [ 720744.50632524327375, 5238965.727123606950045 ], [ 721007.062501699314453, 5239063.795300308614969 ], [ 721121.698895243462175, 5239330.240674164146185 ], [ 721305.065527229569852, 5239702.08528368640691 ], [ 721507.450211644172668, 5240063.930796123109758 ], [ 721728.3093820088543, 5240414.805363770574331 ], [ 721967.049852916505188, 5240753.766604781150818 ], [ 722223.030413213185966, 5241079.904134216718376 ], [ 722610.039359407499433, 5241547.506765027530491 ], [ 722900.229155841167085, 5241879.095313257537782 ], [ 723208.235619269195013, 5242194.203392744995654 ], [ 723533.124329869635403, 5242491.875039019621909 ], [ 723873.909651017747819, 5242771.207185686565936 ], [ 724229.557719477103092, 5243031.352404118515551 ], [ 724294.955548482364975, 5243076.477730176411569 ], [ 724624.717090967227705, 5243292.225463365204632 ], [ 724649.739368584589101, 5243307.730002936907113 ], [ 724674.680481390911154, 5243323.179822443984449 ], [ 724691.473468297859654, 5243333.578429833985865 ], [ 725057.642807263066061, 5243547.107813932001591 ], [ 725434.608050949173048, 5243740.942763629369438 ], [ 725821.310900165233761, 5243914.539103106595576 ], [ 726054.282779083703645, 5244004.62146987952292 ], [ 726150.008406907552853, 5244120.907105956226587 ], [ 726307.666611828142777, 5244345.119646783918142 ], [ 726502.353379392065108, 5244599.677602170035243 ], [ 726544.887018886511214, 5244653.041494922712445 ], [ 726818.492045336053707, 5244978.2052549617365 ], [ 727108.977665117708966, 5245288.381472684442997 ], [ 727415.524204149725847, 5245582.694912317208946 ], [ 727737.26666865660809, 5245860.315098675899208 ], [ 727789.962555876118131, 5245903.396737191826105 ], [ 728237.179840474738739, 5246243.534350094385445 ], [ 728255.633017243701033, 5246256.572324320673943 ], [ 728714.3731028548209, 5246557.650860271416605 ], [ 728792.385477032978088, 5246605.105888071469963 ], [ 729152.077036792761646, 5246811.33085667155683 ], [ 729521.969965533004142, 5246998.643368545919657 ], [ 729901.070714919129387, 5247166.540294222533703 ], [ 730288.361004014499485, 5247314.570655328221619 ], [ 730682.800554425921291, 5247442.336835939437151 ], [ 730805.013826743816026, 5247478.4526552176103 ], [ 731205.482077679596841, 5247585.5968132680282 ], [ 731610.962914731469937, 5247671.852140035480261 ], [ 732020.367528777336702, 5247736.987020167522132 ], [ 732056.173968849005178, 5247740.794945809990168 ], [ 732063.961212405236438, 5247746.176699412986636 ], [ 732432.605399599880911, 5247972.522672252729535 ], [ 732812.945444224402308, 5248178.611213002353907 ], [ 733203.869261487619951, 5248363.839734751731157 ], [ 733604.233820467721671, 5248527.666643670760095 ], [ 733629.731421635951847, 5248536.523673947900534 ], [ 733673.432597943465225, 5248560.722082928754389 ], [ 734012.390523141017184, 5248728.00250481814146 ], [ 734084.496988017228432, 5248761.493525966070592 ], [ 734501.452967003919184, 5248940.955471320077777 ], [ 734927.916670653969049, 5249096.479063459672034 ], [ 735138.747554073226638, 5249160.070334489457309 ], [ 735389.271159422816709, 5249269.994469857774675 ], [ 735551.538665456115268, 5249335.753755849786103 ], [ 735765.519651242299005, 5249418.915855652652681 ], [ 735822.728369341697544, 5249440.209904446266592 ], [ 736172.39893552463036, 5249561.232372805476189 ], [ 736527.291592545807362, 5249665.956508968025446 ], [ 736772.311990038258955, 5249732.139080699533224 ], [ 736975.924551122589037, 5249784.276986757293344 ], [ 737135.355670362128876, 5249822.877223468385637 ], [ 737284.389049268327653, 5249854.940720246173441 ], [ 737612.389409644296393, 5250125.99814669135958 ], [ 737963.150034099817276, 5250385.04335829988122 ], [ 738327.50387988134753, 5250624.592335316352546 ], [ 738704.368489074520767, 5250843.933402295224369 ], [ 738788.959950205520727, 5250890.127733186818659 ], [ 739170.844727360876277, 5251085.564946457743645 ], [ 739562.656738416291773, 5251260.250479191541672 ], [ 739963.269329847884364, 5251413.682023994624615 ], [ 740371.530542106018402, 5251545.418389207683504 ], [ 740786.266422069398686, 5251655.080767556093633 ], [ 741206.284398740972392, 5251742.353825407102704 ], [ 741356.335125217330642, 5251765.221950800158083 ], [ 741501.181134899379686, 5251901.013985740952194 ], [ 741813.985246843425557, 5252165.5220269812271 ], [ 742139.91920135053806, 5252413.671122544445097 ], [ 742478.12838473985903, 5252644.810614195652306 ], [ 742827.725997121073306, 5252858.334443654865026 ], [ 743187.795377624337561, 5253053.682741710916162 ], [ 743557.39240792626515, 5253230.343296226114035 ], [ 743935.547987771802582, 5253387.852895176038146 ], [ 744026.205579196102917, 5253422.917728815227747 ], [ 744076.430945650441572, 5253461.1713648121804 ], [ 744450.390908027300611, 5253713.990098707377911 ], [ 744838.015230935299769, 5253945.314005728811026 ], [ 745022.546919070766307, 5254048.491583683528006 ], [ 745053.012782794772647, 5254080.237901445478201 ], [ 745357.56266120960936, 5254366.101678124628961 ], [ 745526.990145382354967, 5254517.009986212477088 ], [ 745831.829173258156516, 5254775.172778991982341 ], [ 746149.175125470384955, 5255017.796782558783889 ], [ 746478.236745205824263, 5255244.277048606425524 ], [ 746818.19356430741027, 5255454.048880934715271 ], [ 747168.197948993882164, 5255646.589243437163532 ], [ 747527.377213314524852, 5255821.418064213357866 ], [ 747894.835795066202991, 5255978.0994325671345 ], [ 748105.577740322682075, 5256061.803548566997051 ], [ 748457.214039209182374, 5256192.013710447587073 ], [ 748814.565522698452696, 5256305.603719688951969 ], [ 749176.847118766978383, 5256402.324028319679201 ], [ 749310.512323733652011, 5256434.673513365909457 ], [ 749714.982499720063061, 5256521.557510332204401 ], [ 749998.938339302549139, 5256567.346060737967491 ], [ 750328.017194572719745, 5256793.130828293971717 ], [ 750685.097910017357208, 5257011.574315319769084 ], [ 751053.115889197564684, 5257211.041007692925632 ], [ 751431.063543771277182, 5257390.984789937734604 ], [ 751817.90609915566165, 5257550.912997924722731 ], [ 752212.584427614696324, 5257690.387767725624144 ], [ 752614.017948021064512, 5257809.027234431356192 ], [ 752847.365403242292814, 5257864.903274121694267 ], [ 753157.963723158929497, 5258145.091952120885253 ], [ 753503.268360580899753, 5258423.482029376551509 ], [ 753585.062240174389444, 5258485.764663342386484 ], [ 753847.879067372879945, 5258677.572485035285354 ], [ 754118.277881668647751, 5258858.534929616376758 ], [ 754143.376385011593811, 5258874.602711682207882 ], [ 754585.540537132881582, 5259138.013341753743589 ], [ 754681.599213475710712, 5259191.1284772856161 ], [ 754987.89267635520082, 5259351.94465394411236 ], [ 755300.852317039156333, 5259499.368503374047577 ], [ 755316.044038959313184, 5259506.127367506735027 ], [ 755743.950443557230756, 5259681.866627497598529 ], [ 756181.299105123383924, 5259832.57935696747154 ], [ 756199.375803077593446, 5259838.229520291090012 ], [ 756552.886108598904684, 5259939.865204107947648 ], [ 756910.694598708534613, 5260025.14376378338784 ], [ 757272.044847538345493, 5260093.884915980510414 ], [ 757287.226208071340807, 5260096.412767997942865 ], [ 757584.628626868478023, 5260138.791317557916045 ], [ 757633.321613290230744, 5260260.919925078749657 ], [ 757765.845806876430288, 5260557.666869316250086 ], [ 757777.135000019683503, 5260581.626208239234984 ], [ 757938.297761348308995, 5260904.565225373953581 ], [ 758113.862185801379383, 5261219.906591664068401 ], [ 758128.745537215843797, 5261245.275491221807897 ], [ 758350.222288051038049, 5261601.090252385474741 ], [ 758532.049231108510867, 5261861.711693427525461 ], [ 758577.872377520310692, 5262065.256860951893032 ], [ 758691.990464018308558, 5262471.063544870354235 ], [ 758827.326029384508729, 5262870.295666730962694 ], [ 758983.503301729098894, 5263261.844721105881035 ], [ 759160.088640207890421, 5263644.623535322025418 ], [ 759200.913406920386478, 5263727.317813833244145 ], [ 759402.310262954444624, 5264108.97344717849046 ], [ 759623.993805672507733, 5264479.214075652882457 ], [ 759661.062798963743262, 5264537.497679541818798 ], [ 759894.279079800122418, 5264883.876808092929423 ], [ 760145.251382513321005, 5265217.615085210651159 ], [ 760413.295931753469631, 5265537.803239216096699 ], [ 760697.682438745745458, 5265843.56891581043601 ], [ 760997.636090966290794, 5266134.079054811038077 ], [ 761312.33966312254779, 5266408.542159826494753 ], [ 761640.935743688140064, 5266666.210454693995416 ], [ 761982.529070925083943, 5266906.381920796819031 ], [ 762336.188972028670833, 5267128.402209721505642 ], [ 762700.951898750732653, 5267331.666426029987633 ], [ 763075.824052592040971, 5267515.620775304734707 ], [ 763459.784092410933226, 5267679.764072960242629 ], [ 763851.785917073022574, 5267823.649109723046422 ], [ 763890.956683208467439, 5267836.877410299144685 ], [ 764295.22412503475789, 5267961.594617963768542 ], [ 764705.519443234312348, 5268064.765826504677534 ], [ 765014.80735859007109, 5268125.358120794408023 ], [ 765050.501019645715132, 5268158.469404867850244 ], [ 765352.795298715820536, 5268412.332279855385423 ], [ 765667.244320802390575, 5268650.974277341738343 ], [ 765993.082460559904575, 5268873.814348098821938 ], [ 766329.516362243099138, 5269080.309917672537267 ], [ 766675.72687138163019, 5269269.958207455463707 ], [ 767030.871029269997962, 5269442.297458856366575 ], [ 767186.817404165747575, 5269513.274181950837374 ], [ 767604.690899771871045, 5269689.343604676425457 ], [ 768031.868994900025427, 5269841.45400863327086 ], [ 768076.892668700311333, 5269856.062129299156368 ], [ 768562.613001277903095, 5269996.851734789088368 ], [ 768584.228698570164852, 5270002.382952920161188 ], [ 769001.123153456836008, 5270097.268247647210956 ], [ 769422.491504486766644, 5270169.745267597027123 ], [ 769847.130190617986955, 5270219.606995520181954 ], [ 770273.826309698517434, 5270246.71101057715714 ], [ 770701.361082898452878, 5270250.979895146563649 ], [ 771128.513335927156731, 5270232.401455945335329 ], [ 771155.07791572844144, 5270230.533773070201278 ], [ 771636.798053872887976, 5270181.978439060971141 ], [ 772114.698767755297013, 5270104.371611879207194 ], [ 772587.029657062375918, 5269997.997540974058211 ], [ 772661.810628669569269, 5269978.760981040075421 ], [ 773024.068116855924018, 5269876.429620534181595 ], [ 773381.110782014904544, 5269757.170531379058957 ], [ 773450.256811565952376, 5269732.251295370049775 ], [ 773602.104272233787924, 5269671.464496881701052 ], [ 773772.593669530469924, 5269819.389150941744447 ], [ 774061.860096776857972, 5270043.887311477214098 ], [ 774261.803318978752941, 5270264.631721586920321 ], [ 774419.418537327554077, 5270431.786418167874217 ], [ 774689.187455218401738, 5270704.478327278979123 ], [ 774971.717523178085685, 5270963.92563802562654 ], [ 775169.028214995050803, 5271136.582158725708723 ], [ 775296.638314019888639, 5271249.988886427134275 ], [ 775631.567105509573594, 5271531.627228916622698 ], [ 775981.394821494235657, 5271794.530291770584881 ], [ 776345.074725786340423, 5272037.911430199630558 ], [ 776721.518634404987097, 5272261.042411895468831 ], [ 777109.60017158370465, 5272463.255596010945737 ], [ 777508.158140052342787, 5272643.945930835790932 ], [ 777915.999995511374436, 5272802.572764203883708 ], [ 778331.905414900509641, 5272938.661461206153035 ], [ 778754.62994778517168, 5273051.804824362508953 ], [ 779182.90873993630521, 5273141.664312021806836 ], [ 779615.460317960940301, 5273207.971051327884197 ], [ 779682.929935171967372, 5273216.432121200487018 ], [ 780109.105143761145882, 5273258.325845611281693 ], [ 780536.911500529618934, 5273277.355130131356418 ], [ 780965.12320395198185, 5273273.465449797920883 ], [ 781076.454067697981372, 5273266.484967768192291 ], [ 781309.669558902038261, 5273370.849862118251622 ], [ 781686.039966400130652, 5273516.961708892136812 ], [ 782069.302571978536434, 5273643.899215458892286 ], [ 782458.481233595055528, 5273751.339081199839711 ], [ 782478.539814467309043, 5273756.335490869358182 ], [ 782896.262882697628811, 5273848.599180490709841 ], [ 783318.320654042530805, 5273918.401671863161027 ], [ 783743.506273098406382, 5273965.543367871083319 ], [ 784170.603940520551987, 5273989.889468934386969 ], [ 784218.046676635392942, 5273990.053703034296632 ], [ 784452.023896980565041, 5274045.920425827614963 ], [ 784546.45857917831745, 5274065.957634459249675 ], [ 784997.947987391380593, 5274148.297958263196051 ], [ 785453.416152524179779, 5274204.612833769991994 ], [ 785911.364138704142533, 5274234.716929944232106 ], [ 786370.284849021700211, 5274238.511174856685102 ], [ 786426.63311439123936, 5274237.360389482229948 ], [ 786888.815555403591134, 5274214.535222025588155 ], [ 787348.905073996051215, 5274165.025304526090622 ], [ 787426.877256115432829, 5274152.038001253269613 ], [ 787541.790969638619572, 5274166.356316807679832 ], [ 787987.397762319771573, 5274196.759925459511578 ], [ 788434.006853192695417, 5274202.247461535036564 ], [ 788880.226149208610877, 5274182.801820231601596 ], [ 789006.843388440902345, 5274170.17589483037591 ], [ 789056.169700849917717, 5274169.777615010738373 ], [ 789491.431668206816539, 5274142.496544793248177 ], [ 789924.560211268719286, 5274091.536735094152391 ], [ 790002.215421081287786, 5274080.246523379348218 ], [ 790446.065828012535349, 5274002.895534456707537 ], [ 790884.857875592890196, 5273900.680573710240424 ], [ 791317.199863819289021, 5273773.925832431763411 ], [ 791741.720550096128136, 5273623.033333799801767 ], [ 791807.52179547783453, 5273597.53588857408613 ], [ 792208.698106301017106, 5273429.400824907235801 ], [ 792600.142744428594597, 5273239.709161197766662 ], [ 792980.698429280542769, 5273029.021708494052291 ], [ 793013.299629843677394, 5273009.796557864174247 ], [ 793101.484471671516076, 5272957.80920185893774 ], [ 793456.994838856393471, 5272735.469878323376179 ], [ 793800.367187080555595, 5272494.808650783263147 ], [ 794130.658195266034454, 5272236.486669763922691 ], [ 794171.001088637625799, 5272203.19407559838146 ], [ 794469.117413934785873, 5271944.553880045190454 ], [ 794754.114990964066237, 5271671.525538564659655 ], [ 795025.300170828239061, 5271384.773568412289023 ], [ 795282.012922298628837, 5271084.995888461358845 ], [ 795304.521197417983785, 5271057.360047549009323 ], [ 795550.199745693942532, 5270739.75713737308979 ], [ 795779.632810377748683, 5270410.227128928527236 ], [ 795992.242400976712815, 5270069.600178115069866 ], [ 796187.492908893269487, 5269718.7343963785097 ], [ 796364.892456736764871, 5269358.513688950799406 ], [ 796523.994137465837412, 5268989.84552810061723 ], [ 796664.397140243090689, 5268613.658667024224997 ], [ 796676.419946596492082, 5268578.798994773998857 ], [ 796800.941576870041899, 5268185.063452388159931 ], [ 796904.979607779532671, 5267785.426865139044821 ], [ 796988.256821353803389, 5267380.954097894020379 ], [ 797050.551318543031812, 5266972.722901923581958 ], [ 797089.927303551812656, 5266579.495194619521499 ], [ 797166.72260660934262, 5266331.391303123906255 ], [ 797268.900054023135453, 5265928.160024399869144 ], [ 797349.979664538404904, 5265520.1627307087183 ], [ 797409.742224612273276, 5265108.502517286688089 ], [ 797448.026155243162066, 5264694.292382745072246 ], [ 797464.727948828716762, 5264278.652219872921705 ], [ 797459.802449017995968, 5263862.705787802115083 ], [ 797433.262972799944691, 5263447.577673717401922 ], [ 797430.769647310604341, 5263419.901075873523951 ], [ 797412.858211920945905, 5263044.244194507598877 ], [ 797359.014809899497777, 5262553.744439973495901 ], [ 797332.099941611289978, 5262363.001606854610145 ], [ 797309.621953788446262, 5262227.94169045239687 ], [ 797307.542355735786259, 5262145.801997036673129 ], [ 797273.815852453000844, 5261718.928070227615535 ], [ 797217.297195775201544, 5261294.470218539237976 ], [ 797138.148310617427342, 5260873.644505931995809 ], [ 797119.790326166548766, 5260788.630082756280899 ], [ 797026.645374840358272, 5260403.721167190000415 ], [ 796914.566492082551122, 5260023.893338720314205 ], [ 796783.828325190348551, 5259650.077358648180962 ], [ 796651.835525554139167, 5259325.234747410751879 ], [ 796693.377330331131816, 5259321.796970933675766 ], [ 797147.294909953605384, 5259257.888543811626732 ], [ 797164.521885422174819, 5259254.957528764382005 ], [ 797528.638497922802344, 5259184.284317717887461 ], [ 797889.087943470338359, 5259096.809707326814532 ], [ 798245.095393120311201, 5258992.721734668128192 ], [ 798266.94567171507515, 5258985.779506192542613 ], [ 798335.047538760467432, 5258962.45081395842135 ], [ 798659.49662137159612, 5259009.149536402896047 ], [ 799081.381583612994291, 5259047.21970571577549 ], [ 799504.690233143046498, 5259062.905571645125747 ], [ 799748.908883701078594, 5259059.017857939004898 ], [ 799912.71069680119399, 5259081.631979141384363 ], [ 799934.621690418338403, 5259083.889944973401725 ], [ 800398.752371930633672, 5259118.110954291187227 ], [ 800850.862837602617219, 5259125.081335978582501 ], [ 800940.67805485217832, 5259139.513117767870426 ], [ 801304.462899509235285, 5259180.999099753797054 ], [ 801331.821392384008504, 5259183.486332988366485 ], [ 801552.659944253973663, 5259200.48454431258142 ], [ 801620.735503111849539, 5259204.777351809665561 ], [ 801815.041702376678586, 5259296.351838185451925 ], [ 801847.896782611962408, 5259310.747839905321598 ], [ 802156.462466513039544, 5259438.343135772272944 ], [ 802470.083824314293452, 5259552.951096838340163 ], [ 802508.538337739533745, 5259566.100698195397854 ], [ 803080.233678487828001, 5259738.051613110117614 ], [ 803121.366137893521227, 5259748.767026090063155 ], [ 803537.931330907274969, 5259845.474964691326022 ], [ 803959.069078362896107, 5259919.785011704079807 ], [ 804011.414982119109482, 5259927.585096650756896 ], [ 804363.377624835819006, 5259972.078262615017593 ], [ 804716.966782018891536, 5260000.923567400313914 ], [ 804756.497341345180757, 5260003.267457745037973 ], [ 805008.038929032860324, 5260009.78379297722131 ], [ 805077.441943624638952, 5260033.879187806509435 ], [ 805489.847409884328954, 5260152.694648951292038 ], [ 805508.694474062300287, 5260157.581047697924078 ], [ 805956.059113251161762, 5260259.968517119064927 ], [ 806106.529449370573275, 5260285.429054436273873 ], [ 806424.247719294275157, 5260415.376218809746206 ], [ 806442.528477269341238, 5260422.34456929191947 ], [ 806772.217844312079251, 5260539.823817913420498 ], [ 807106.730110361240804, 5260642.770388814620674 ], [ 807445.425016574095935, 5260730.987241530790925 ], [ 807463.47624823928345, 5260735.269521815702319 ], [ 807932.313195067807101, 5260831.773854167200625 ], [ 808364.391645638155751, 5260894.056375087238848 ], [ 808831.814198191743344, 5261056.770891127176583 ], [ 808852.083741120179184, 5261063.015286704525352 ], [ 809231.894226980744861, 5261169.842238197103143 ], [ 809616.509744800510816, 5261257.813291317783296 ], [ 809638.808577968738973, 5261262.338016769848764 ], [ 809925.203261174727231, 5261315.043256590142846 ], [ 809946.84069721319247, 5261318.619344264268875 ], [ 809993.59852627501823, 5261325.108266369439662 ], [ 810124.355076618609019, 5261346.46909562125802 ], [ 810517.880731290206313, 5261400.115838493220508 ], [ 810583.154241385520436, 5261428.889304877258837 ], [ 810707.551524611772038, 5261495.743380428291857 ], [ 810721.730362740694545, 5261502.820586553774774 ], [ 811134.616660033119842, 5261694.435152686201036 ], [ 811557.73266613483429, 5261862.256730042397976 ], [ 811989.708600913290866, 5262005.742019246332347 ], [ 812002.009090223233216, 5262009.442693082615733 ], [ 812381.603457728167996, 5262113.53420587349683 ], [ 812765.858228008495644, 5262198.828979413956404 ], [ 812781.470730643952265, 5262201.893626061268151 ], [ 813180.02620735031087, 5262269.717473193071783 ], [ 813581.499186216504313, 5262317.319883770309389 ], [ 813984.86436458316166, 5262344.579288269393146 ], [ 813998.641534689697437, 5262345.161124750040472 ], [ 814429.898022103356197, 5262351.7369673717767 ], [ 814860.882151080179028, 5262335.061230123974383 ], [ 815290.341202950687148, 5262295.182383487932384 ], [ 815717.026891906396486, 5262232.216341187246144 ], [ 815732.173498775577173, 5262229.562142512761056 ], [ 816175.404713234398514, 5262138.906073700636625 ], [ 816612.802565034246072, 5262023.339852320961654 ], [ 817042.968252890510485, 5261883.233059929683805 ], [ 817464.526104027871042, 5261719.033758994191885 ], [ 817509.892336908611469, 5261699.868920461274683 ], [ 817839.364081008010544, 5261551.832604056224227 ], [ 818161.817844490287825, 5261389.075264588929713 ], [ 818186.116679966682568, 5261376.11410356964916 ], [ 818516.734692942583933, 5261189.551881849765778 ], [ 818838.130041892407462, 5260987.515343692153692 ], [ 819149.579016135889105, 5260770.459430343471467 ], [ 819176.559330510324799, 5260750.688897162675858 ], [ 819332.924866478540935, 5260633.142852627672255 ], [ 819348.410227924003266, 5260621.202814402990043 ], [ 819390.895996291656047, 5260588.425089932046831 ], [ 819766.779948301962577, 5260279.753029353916645 ], [ 820123.21131536597386, 5259948.809126352891326 ], [ 820231.280710053630173, 5259842.169474782422185 ], [ 820244.551680215867236, 5259829.063315484672785 ], [ 820487.743753477931023, 5259578.143938910216093 ], [ 820719.746536594931968, 5259316.844060104340315 ], [ 820940.11740117915906, 5259045.662202155217528 ], [ 820977.287503158440813, 5258997.82383924163878 ], [ 821261.897695834399201, 5258607.778401180170476 ], [ 821279.369222446228378, 5258582.250734707340598 ], [ 821484.699462879449129, 5258266.547889519482851 ], [ 821674.944531041779555, 5257941.531569720245898 ], [ 821688.791045251302421, 5257916.545027665793896 ], [ 821706.452064265729859, 5257882.062552350573242 ], [ 821918.271118422271684, 5257551.645331362262368 ], [ 822130.736062829382718, 5257177.328493884764612 ], [ 822141.328683057799935, 5257157.438568210229278 ], [ 822369.215455388417467, 5256694.079857942648232 ], [ 822566.73527556261979, 5256216.984903010539711 ], [ 822575.432577701751143, 5256193.895542407408357 ], [ 822700.773533393396065, 5255835.596247231587768 ], [ 822808.977314897347242, 5255471.754685882478952 ], [ 822899.800313673797064, 5255103.190006361342967 ], [ 822904.627646972308867, 5255081.386108634993434 ], [ 822972.959977546706796, 5254737.12948985490948 ], [ 823026.12709204480052, 5254390.207041875459254 ], [ 823028.193572660326026, 5254374.417007078416646 ], [ 823071.186942388187163, 5253963.81033109780401 ], [ 823092.940174779854715, 5253551.532428366132081 ], [ 823093.359146684990264, 5253535.965976702980697 ], [ 823095.371564845787361, 5253201.819125765003264 ], [ 823083.428253765450791, 5252867.879722371697426 ], [ 823082.444131640135311, 5252850.521961642429233 ], [ 823043.672077075461857, 5252396.215011063963175 ], [ 822979.08037757081911, 5251944.854855628684163 ], [ 822888.878853284637444, 5251497.907697034068406 ], [ 822885.577559783589095, 5251483.657027042470872 ], [ 822852.909134727553464, 5251357.853220665827394 ], [ 822824.972478675073944, 5251198.441665099002421 ], [ 822742.764543717028573, 5250831.641796768642962 ], [ 822731.662439380539581, 5250787.043093411251903 ], [ 822671.869163623661734, 5250560.991315625607967 ], [ 822650.538306502741762, 5250484.866886654868722 ], [ 822513.952741605346091, 5250046.301957753486931 ], [ 822352.421307356329635, 5249616.299156424589455 ], [ 822166.476539612398483, 5249196.276113308034837 ], [ 821956.731459960807115, 5248787.617557832971215 ], [ 821723.877554713049904, 5248391.670753058046103 ], [ 821668.742864877800457, 5248303.794365920126438 ], [ 821409.894320528954268, 5247916.727032332681119 ], [ 821128.964377500466071, 5247545.375370491296053 ], [ 820920.327359830029309, 5247300.601322583854198 ], [ 820751.141874636057764, 5246991.746181328780949 ], [ 820681.064656628994271, 5246870.995045186951756 ], [ 820459.869993554311804, 5246511.991494327783585 ], [ 820364.463346177712083, 5246365.910492621362209 ], [ 820125.742154562729411, 5246020.541763867251575 ], [ 819869.230903876479715, 5245688.172474673949182 ], [ 819798.837234638398513, 5245601.74850748013705 ], [ 819537.599871391430497, 5245296.968138652853668 ], [ 819513.420128286699764, 5245270.150165177881718 ], [ 819088.286201202892698, 5244833.310517731122673 ], [ 819063.726050819619559, 5244809.926559118553996 ], [ 818700.935265618842095, 5244484.980381139554083 ], [ 818319.043274364667013, 5244182.712818497791886 ], [ 818292.179428144940175, 5244162.749399930238724 ], [ 817905.968325794208795, 5243893.022923369891942 ], [ 817504.551010918337852, 5243646.495993695221841 ], [ 817475.034124059951864, 5243629.544517741538584 ], [ 817072.351686752168462, 5243413.340941791422665 ], [ 817048.985623598098755, 5243401.642740252427757 ], [ 816493.703323777881451, 5243149.631510738283396 ], [ 816472.878956058179028, 5243141.122039988636971 ], [ 816150.57411020132713, 5243023.46659745182842 ], [ 815955.827559031895362, 5242916.690454785712063 ], [ 815593.931946417083964, 5242741.316815660335124 ], [ 815223.680557519779541, 5242584.35103356372565 ], [ 815180.281405654503033, 5242567.225921607576311 ], [ 815033.758816451765597, 5242513.688534894958138 ], [ 814858.852037315955386, 5242376.587820824235678 ], [ 814541.455112805357203, 5242151.813600555062294 ], [ 814213.50890458014328, 5241942.730979811400175 ], [ 813875.788514824584126, 5241749.834126208908856 ], [ 813864.752638226840645, 5241743.881735100410879 ], [ 813483.402437267941423, 5241551.158502195030451 ], [ 813092.306433717953041, 5241379.070919027552009 ], [ 812692.580291382037103, 5241228.109892911277711 ], [ 812681.427267041290179, 5241224.234874008223414 ], [ 812344.42714356794022, 5241115.444555565714836 ], [ 812002.942696641432121, 5241021.674682389944792 ], [ 811707.383849768550135, 5240954.426467647776008 ], [ 811320.390444595948793, 5240671.574503425508738 ], [ 811311.757265810738318, 5240665.6538902586326 ], [ 811013.840849221218377, 5240470.943007319234312 ], [ 810707.559129830100574, 5240289.675173505209386 ], [ 810393.518289501662366, 5240122.209147653542459 ], [ 810381.438920297077857, 5240116.108817607164383 ], [ 810015.423206579172984, 5239942.747812352143228 ], [ 809641.10301572480239, 5239788.132368264719844 ], [ 809259.437669210135937, 5239652.658739460632205 ], [ 808871.405312944669276, 5239536.674122710712254 ], [ 808856.169611918157898, 5239532.537186206318438 ], [ 808395.22098508279305, 5239421.928970068693161 ], [ 807928.530443585012108, 5239338.816079762764275 ], [ 807873.130243861931376, 5239330.635113580152392 ], [ 807820.918392761843279, 5239323.100785785354674 ], [ 807767.597645981935784, 5239315.585818101651967 ], [ 807415.243264158838429, 5239273.871496526524425 ], [ 807368.976360507891513, 5239269.432000267319381 ], [ 807313.040670512244105, 5239264.645237287506461 ], [ 807299.036155540961772, 5239063.545713842846453 ], [ 807252.261265898123384, 5238671.823483292013407 ], [ 807249.757580785662867, 5238654.496694651432335 ], [ 807183.930268350639381, 5238266.590989765711129 ], [ 807099.110577533603646, 5237882.390923401340842 ], [ 806995.503671356826089, 5237502.825803905725479 ], [ 806991.494870239286683, 5237489.444030019454658 ], [ 806865.764039195841178, 5237105.320382056757808 ], [ 806720.793111140839756, 5236728.03713459149003 ], [ 806556.952122598653659, 5236358.557298507541418 ], [ 806551.011268788366579, 5236346.024314912036061 ], [ 806369.570322355022654, 5235986.876424274407327 ], [ 806170.300445470376872, 5235637.305915567092597 ], [ 805953.70575363561511, 5235298.197136764414608 ], [ 805720.334190892404877, 5234970.407969623804092 ], [ 805710.485979397082701, 5234957.28674151096493 ], [ 805423.186734693939798, 5234596.640670374967158 ], [ 805115.586916625732556, 5234253.145697256550193 ], [ 805017.887230168445967, 5234155.946873104199767 ], [ 804987.525689691887237, 5234107.688945673406124 ], [ 804756.051217014784925, 5233777.872330436483026 ], [ 804733.097051875898615, 5233746.857574508525431 ], [ 804451.832504305173643, 5233388.618306265212595 ], [ 804150.636536180740222, 5233046.966278878040612 ], [ 804018.377474110457115, 5232913.134793019853532 ], [ 804009.578379072481766, 5232903.715588718652725 ], [ 803714.582526939921081, 5232604.115633005276322 ], [ 803404.253485782886855, 5232320.428177425637841 ], [ 803079.448455625097267, 5232053.436831830069423 ], [ 802875.688190666609444, 5231903.163836752995849 ], [ 802811.583106662728824, 5231832.658595935441554 ], [ 802537.397230393253267, 5231558.976677177473903 ], [ 802250.283633903134614, 5231298.889249354600906 ], [ 801950.915597173501737, 5231053.006216214969754 ], [ 801639.995136788464151, 5230821.904172271490097 ], [ 801400.39412933064159, 5230652.662462160922587 ], [ 801170.507872785557993, 5230498.449649717658758 ], [ 801064.20770044834353, 5230403.047885659150779 ], [ 800988.269071236834861, 5230338.656337491236627 ], [ 800978.66374136088416, 5230310.449207219295204 ], [ 800812.891472185612656, 5229899.693171200342476 ], [ 800624.639187175082043, 5229498.741748279891908 ], [ 800414.484000082826242, 5229108.82411121763289 ], [ 800183.070171077852137, 5228731.135607157833874 ], [ 800176.638905464089476, 5228721.263527625240386 ], [ 800165.317106133792549, 5228672.363903417252004 ], [ 800046.935145520954393, 5228262.079051949083805 ], [ 799906.829540325910784, 5227858.695404120720923 ], [ 799745.399477573577315, 5227463.362275250256062 ], [ 799563.104901649639942, 5227077.206043225713074 ], [ 799521.355192377232015, 5226994.556209464557469 ], [ 799339.457959348801523, 5226655.02931017242372 ], [ 799141.428848367533647, 5226324.651360045187175 ], [ 798927.726931504788809, 5226004.188242891803384 ], [ 798884.319190008915029, 5225945.432597387582064 ], [ 798826.054776485543698, 5225854.641059775836766 ], [ 798733.382189056370407, 5225725.232570567168295 ], [ 798680.047557287150994, 5225631.963630286976695 ], [ 798672.267300039413385, 5225619.03821806050837 ], [ 798444.882893211441115, 5225262.918107850477099 ], [ 798199.013593513867818, 5224919.299876623786986 ], [ 797935.345242606825195, 5224589.142032412812114 ], [ 797654.613331825006753, 5224273.365536083467305 ], [ 797357.600950557854958, 5223972.851232366636395 ], [ 797341.634862272301689, 5223957.528228357434273 ], [ 797053.102871185401455, 5223693.852208990603685 ], [ 796964.985027802409604, 5223620.894934425130486 ], [ 796724.922472629812546, 5223367.732277155853808 ], [ 796425.416214399854653, 5223082.905470823869109 ], [ 796111.59914859617129, 5222813.927483743056655 ], [ 796087.007264220854267, 5222793.927800520323217 ], [ 795846.267950325971469, 5222608.986827346496284 ], [ 795743.082346575800329, 5222496.274970051832497 ], [ 795608.118396816775203, 5222363.464505638927221 ], [ 795411.797817661194131, 5222121.495931357145309 ], [ 795124.241960766841657, 5221803.528667663224041 ], [ 794820.065679664257914, 5221501.422160566784441 ], [ 794500.142490457859822, 5221216.043982313014567 ], [ 794174.851848865160719, 5220955.783066572621465 ], [ 793902.777481019380502, 5220704.785596843808889 ], [ 793573.423656509025022, 5220432.034573563374579 ], [ 793229.966020301450044, 5220177.272106643766165 ], [ 792873.385933162411675, 5219941.226128334179521 ], [ 792810.753531446680427, 5219902.131728514097631 ], [ 792534.331451733130962, 5219737.225438837893307 ], [ 792251.499557857168838, 5219583.572029065340757 ], [ 792063.134591013891622, 5219486.09511844906956 ], [ 791659.31972749333363, 5219295.605956080369651 ], [ 791659.981410124455579, 5219294.17886618245393 ], [ 791574.552234728238545, 5219254.568886717781425 ], [ 791559.244289365014993, 5219247.994412013329566 ], [ 791546.806050517363474, 5219216.400031433440745 ], [ 791381.263700210023671, 5218850.839950452558696 ], [ 791197.598166666924953, 5218494.041107488796115 ], [ 790996.271593817509711, 5218146.901288947090507 ], [ 790777.790564751368947, 5217810.29397694952786 ], [ 790542.704827041132376, 5217485.066151452250779 ], [ 790291.605909453239292, 5217172.036159058101475 ], [ 790170.644677495118231, 5217028.757125743664801 ], [ 789882.531456944299862, 5216705.643511483445764 ], [ 789577.361563851707615, 5216398.588187598623335 ], [ 789256.028629292384721, 5216108.490306282415986 ], [ 789104.175377682200633, 5215978.680098067037761 ], [ 788757.819514983799309, 5215698.90123304631561 ], [ 788396.435006837709807, 5215438.824640078470111 ], [ 788021.141233834787272, 5215199.255900708027184 ], [ 787633.100660209660418, 5214980.937073854729533 ], [ 787468.977009714930318, 5214900.271762202493846 ], [ 787298.274007971747778, 5214671.246395574882627 ], [ 787002.459449142450467, 5214318.65302041452378 ], [ 786986.032788540003821, 5214300.179783935658634 ], [ 786744.981881382176653, 5214040.885521800257266 ], [ 786492.694996967213228, 5213792.510035550221801 ], [ 786472.053313606418669, 5213773.068837661296129 ], [ 786228.185726476483978, 5213552.661064966581762 ], [ 785975.469601045828313, 5213342.457482066936791 ], [ 785954.332667994778603, 5213325.598745035938919 ], [ 785673.060739675187506, 5213111.255056562833488 ], [ 785382.591024926863611, 5212909.551166508346796 ], [ 785346.870500803692266, 5212885.899408173747361 ], [ 785070.277349055628292, 5212712.502262657508254 ], [ 785002.96686733153183, 5212649.804746326059103 ], [ 784877.702818162739277, 5212544.828013192862272 ], [ 784842.118034215527587, 5212499.59581036772579 ], [ 784586.009745741728693, 5212204.866096143610775 ], [ 784315.825855921255425, 5211922.983628521673381 ], [ 784032.209981026942842, 5211654.619891441427171 ], [ 783735.837734221480787, 5211400.414165316149592 ], [ 783685.217785962624475, 5211359.0969651164487 ], [ 783485.659887897432782, 5211206.188061174936593 ], [ 783484.371353460475802, 5211205.072506794705987 ], [ 783186.36294921906665, 5210970.819948466494679 ], [ 782877.592834561713971, 5210750.946606798097491 ], [ 782558.754214172484353, 5210545.946108676493168 ], [ 782517.303467738674954, 5210520.662456765770912 ], [ 782189.252723888261244, 5210331.071896513924003 ], [ 781852.59305387432687, 5210157.226742243394256 ], [ 781813.251848131534643, 5210138.077760277315974 ], [ 781375.811884288210422, 5209941.154372009448707 ], [ 780927.355163796921261, 5209770.804400889202952 ], [ 780888.964024454122409, 5209757.52411325648427 ], [ 780515.492673808243126, 5209638.494051925837994 ], [ 780155.657119621755555, 5209542.950237542390823 ], [ 779945.423749385168776, 5209429.885673720389605 ], [ 779538.019913184456527, 5209239.473769909702241 ], [ 779120.560338518815115, 5209072.255103535018861 ], [ 778694.364162283018231, 5208928.758071419782937 ], [ 778676.360159531002864, 5208923.254591829143465 ], [ 778304.756203728495166, 5208819.392187452875078 ], [ 777928.576559905428439, 5208733.568096521310508 ], [ 777548.696297731483355, 5208665.981963168829679 ], [ 777165.999095260165632, 5208616.791006362065673 ], [ 776781.375183315947652, 5208586.109654180705547 ], [ 776766.54054908733815, 5208585.285731133073568 ], [ 776584.301058657933027, 5208579.128015104681253 ], [ 776508.948903528274968, 5208572.662914085201919 ], [ 776474.070397563627921, 5208570.752025725319982 ], [ 776073.205035559949465, 5208558.857052218168974 ], [ 775932.356395053677261, 5208561.740759414620697 ], [ 775783.887382157379761, 5208463.311133474111557 ], [ 775396.784963499289006, 5208236.830520767718554 ], [ 774997.599096280755475, 5208032.398639996536076 ], [ 774587.584357753163204, 5207850.657987822778523 ], [ 774168.029358576401137, 5207692.179746009409428 ], [ 773740.252692921436392, 5207557.461986290290952 ], [ 773305.598794340505265, 5207446.928105009719729 ], [ 773245.868389424169436, 5207433.509095371700823 ], [ 773064.787492074188776, 5207397.305552622303367 ], [ 772864.682303002104163, 5207320.55074708070606 ], [ 772466.617788311792538, 5207191.306559125892818 ], [ 772460.217920122551732, 5207189.412196388468146 ], [ 772103.520216590142809, 5207092.731955211609602 ], [ 771818.588766374043189, 5207029.469397948123515 ], [ 771793.281169873895124, 5207019.286122277379036 ], [ 771703.560365521465428, 5206986.376363880001009 ], [ 771350.236239432590082, 5206866.050948521122336 ], [ 771193.90140684437938, 5206820.829805629327893 ], [ 770996.50156163261272, 5206533.693269201554358 ], [ 770863.731195776374079, 5206361.328887562267482 ], [ 770845.047532324562781, 5206327.709858526475728 ], [ 770608.514125687186606, 5205952.66764794010669 ], [ 770351.565236377064139, 5205591.306359946727753 ], [ 770074.990198182291351, 5205244.736077860929072 ], [ 769779.638635411742143, 5204914.021447784267366 ], [ 769466.417852893355303, 5204600.178408071398735 ], [ 769442.711740948376246, 5204577.706638235598803 ], [ 769150.661018009181134, 5204314.188084135763347 ], [ 768973.283408027724363, 5204169.30313669051975 ], [ 768867.227333145216107, 5204027.73142562340945 ], [ 768588.871507090399973, 5203695.335705707781017 ], [ 768292.917135468800552, 5203378.507849553599954 ], [ 767980.233440341893584, 5203078.178384933620691 ], [ 767651.738778023864143, 5202795.229383617639542 ], [ 767308.397941857692786, 5202530.491870715282857 ], [ 767280.387661600136198, 5202511.220044990070164 ], [ 767172.097729648929089, 5202404.595225414261222 ], [ 767065.324913411168382, 5202309.966486575081944 ], [ 766957.054013664135709, 5202182.062879199162126 ], [ 766836.755830463138409, 5202047.431521615944803 ], [ 766689.712546416092664, 5201890.42172631714493 ], [ 766652.769132922869176, 5201845.72413594275713 ], [ 766623.484325220342726, 5201811.156977456063032 ], [ 766325.710342236794531, 5201478.917198432609439 ], [ 766277.592865162296221, 5201428.152634573169053 ], [ 766179.695987591752782, 5201326.676407687366009 ], [ 766121.230814788490534, 5201267.132790037430823 ], [ 765848.517888190574013, 5201002.281522869132459 ], [ 765563.530823754379526, 5200750.684807552024722 ], [ 765511.001420915243216, 5200706.485798299312592 ], [ 765189.327998140128329, 5200449.664369435049593 ], [ 764854.87063650006894, 5200209.728314435109496 ], [ 764831.814027323387563, 5200194.922309073619545 ], [ 764735.74503988167271, 5200103.402683458290994 ], [ 764644.060579190147109, 5200020.328322295099497 ], [ 764356.37121012294665, 5199772.141785719431937 ], [ 764377.189023943850771, 5199713.125500954687595 ], [ 764380.251560448901728, 5199703.672755245119333 ], [ 764508.459562212810852, 5199265.722183702513576 ], [ 764611.487846347386949, 5198821.173910171724856 ], [ 764689.001187800895423, 5198371.474369670264423 ], [ 764740.747379967127927, 5197918.086757987737656 ], [ 764766.558055294677615, 5197462.486270860768855 ], [ 764766.816817393293604, 5197453.26923116017133 ], [ 764768.924912511720322, 5197357.923125451430678 ], [ 764769.085672128829174, 5197347.967182918451726 ], [ 764763.899483954999596, 5196903.175143689848483 ], [ 764733.999196642893367, 5196459.358934514224529 ], [ 764679.477252001990564, 5196017.890688475221395 ], [ 764600.502213871455751, 5195580.135279529727995 ], [ 764497.318246976123191, 5195147.4461027700454 ], [ 764478.446587743470445, 5195084.138765682466328 ], [ 764461.124112032935955, 5194994.522525970824063 ], [ 764361.405774319777265, 5194591.913046480156481 ], [ 764240.954444336821325, 5194195.013037716038525 ], [ 764100.093906814581715, 5193804.889404978603125 ], [ 763939.202808391419239, 5193422.590838018804789 ], [ 763909.511604664614424, 5193361.157474574632943 ], [ 763782.387846289784648, 5193062.312208775430918 ], [ 763671.20710426766891, 5192832.955295690335333 ], [ 763604.601687062648125, 5192680.936561416834593 ], [ 763419.937802187749185, 5192312.377882963046432 ], [ 763216.533868936356157, 5191953.820928242988884 ], [ 762994.929976396495476, 5191606.217757008969784 ], [ 762755.714539168868214, 5191270.491343938745558 ], [ 762610.59153101046104, 5191087.547678084112704 ], [ 762418.984701010980643, 5190796.534218066371977 ], [ 762267.281660382985137, 5190590.194799954071641 ], [ 762193.084025063551962, 5190274.936236607842147 ], [ 762075.773834967170842, 5189872.388074950315058 ], [ 761937.533806724473834, 5189476.539116702973843 ], [ 761778.743682891945355, 5189088.476750932633877 ], [ 761599.839656722149812, 5188709.266977094113827 ], [ 761401.313173949718475, 5188339.951476753689349 ], [ 761183.709582800045609, 5187981.544752105139196 ], [ 760947.626635928754695, 5187635.031339160166681 ], [ 760693.712848407099955, 5187301.363103242591023 ], [ 760478.697968213935383, 5187047.589330713264644 ], [ 760331.955116881756112, 5186797.733165040612221 ], [ 760110.082239758456126, 5186460.211287763901055 ], [ 759878.347986153210513, 5186143.730387294664979 ], [ 759975.470647923415527, 5185896.898811474442482 ], [ 759978.568704318604432, 5185888.358336298726499 ], [ 760103.973841034574434, 5185514.096618925221264 ], [ 760210.766216279240325, 5185134.104947970248759 ], [ 760298.685860231751576, 5184749.308355452492833 ], [ 760367.518745869863778, 5184360.643570244312286 ], [ 760417.097309986012988, 5183969.056737746112049 ], [ 760447.300861094379798, 5183575.501116637140512 ], [ 760458.055873236386105, 5183180.934758314862847 ], [ 760449.336164968204685, 5182786.318174662068486 ], [ 760448.764122773660347, 5182774.094853729940951 ], [ 760421.477866839151829, 5182389.645082097500563 ], [ 760375.706972883315757, 5182006.955662413500249 ], [ 760311.557676700758748, 5181626.914829777553678 ], [ 760229.178870979347266, 5181250.404671828262508 ], [ 760226.196616384666413, 5181238.191254854202271 ], [ 760147.483983588404953, 5180940.773591747507453 ], [ 760143.970422393060289, 5180928.459909681230783 ], [ 760018.556642971583642, 5180528.883297351188958 ], [ 759872.404241048847325, 5180136.417298056185246 ], [ 759705.913742909790017, 5179752.137453126721084 ], [ 759519.541410783305764, 5179377.096869979053736 ], [ 759420.156426312983967, 5179200.891904124058783 ], [ 759350.987891891854815, 5179066.764038719236851 ], [ 759121.972678024554625, 5178678.141218905337155 ], [ 759110.199177348753437, 5178659.39181596878916 ], [ 758926.748255676357076, 5178384.720011532306671 ], [ 758875.24307875672821, 5178292.923341711983085 ], [ 758657.026714743347839, 5177946.761852208524942 ], [ 758421.395366699085571, 5177612.211368489079177 ], [ 758366.120128070004284, 5177541.68811191432178 ], [ 758217.004526891512796, 5177339.787673668935895 ], [ 757947.06112753029447, 5177012.187736397609115 ], [ 757937.224790042033419, 5177001.464223238639534 ], [ 757779.526347155333497, 5176809.447119458578527 ], [ 757520.576222120900638, 5176523.45147620793432 ], [ 757484.089713405468501, 5176485.057064608670771 ], [ 757158.22829114831984, 5176161.300275329500437 ], [ 756814.321919188718311, 5175856.780107777565718 ], [ 756453.504436013172381, 5175572.500546510331333 ], [ 756155.968877283623442, 5175364.601466084830463 ], [ 755918.378457783255726, 5175188.392932936549187 ], [ 755831.052229137276299, 5175127.448690109886229 ], [ 755513.511792515520938, 5174916.903415594249964 ], [ 755186.307085938053206, 5174721.715502278879285 ], [ 754850.18025692680385, 5174542.327664536423981 ], [ 754764.367429950507358, 5174499.123355709947646 ], [ 754411.657664542784914, 5174332.198918801732361 ], [ 754051.227844372508116, 5174182.672028301283717 ], [ 753683.935499259852804, 5174050.898436589166522 ], [ 753310.654486252809875, 5173937.191657638177276 ], [ 753238.215818897471763, 5173917.042720264755189 ], [ 752837.824616725556552, 5173816.726023753173649 ], [ 752683.339426331571303, 5173786.391564133577049 ], [ 752554.20180671941489, 5173702.834574172273278 ], [ 752392.110618214122951, 5173609.388985390774906 ], [ 752224.969261222402565, 5173308.004964854568243 ], [ 752002.949123352067545, 5172952.861881302669644 ], [ 751762.646503483760171, 5172609.825145225040615 ], [ 751504.720054395264015, 5172279.834996470250189 ], [ 751229.87673455523327, 5171963.79591509886086 ], [ 750938.869870399357751, 5171662.574142266064882 ], [ 750632.497091514524072, 5171376.995305912569165 ], [ 750311.598144392017275, 5171107.84215777926147 ], [ 749977.052590740495361, 5170855.852427936159074 ], [ 749629.777396668447182, 5170621.716802716255188 ], [ 749270.72441934410017, 5170406.077031595632434 ], [ 748900.877798020839691, 5170209.524168197065592 ], [ 748521.251256579998881, 5170032.5969502562657 ], [ 748132.885324984090403, 5169875.780322980135679 ], [ 747736.844487256719731, 5169739.504109844565392 ], [ 747334.214263805537485, 5169624.141834476031363 ], [ 746926.098236086545512, 5169530.009696853347123 ], [ 746513.615021763951518, 5169457.365706621669233 ], [ 746097.895208656904288, 5169406.408975910395384 ], [ 745680.07825587678235, 5169377.279173576273024 ], [ 745261.309370649047196, 5169370.056142381392419 ], [ 744842.736369379796088, 5169384.759680152870715 ], [ 744425.506531570921652, 5169421.349485515616834 ], [ 744010.763455206528306, 5169479.725268356502056 ], [ 743599.643922230461612, 5169559.727024713531137 ], [ 743193.274782706052065, 5169661.135475330986083 ], [ 743153.14038898225408, 5169673.414864875376225 ], [ 743139.645377565175295, 5169675.639264474622905 ], [ 742727.336603007162921, 5169766.167574876919389 ], [ 742320.3769987791311, 5169878.318281910382211 ], [ 742200.910904821706936, 5169918.130885628052056 ], [ 742136.597125246538781, 5169933.900132114998996 ], [ 741739.489140860387124, 5170053.393978408537805 ], [ 741349.106823474634439, 5170193.30529616959393 ], [ 740966.499164110748097, 5170353.258131596259773 ], [ 740592.694262612727471, 5170532.822677599266171 ], [ 740228.696565053192899, 5170731.516428724862635 ], [ 739875.484164700377733, 5170948.805477694608271 ], [ 739534.006173796951771, 5171184.105950056575239 ], [ 739504.279750220128335, 5171205.746732742525637 ], [ 739136.61180951166898, 5171490.110069890506566 ], [ 738786.079088399303146, 5171795.346099167130888 ], [ 738453.864866070565768, 5172120.424447601661086 ], [ 738433.675688295857981, 5172141.362145705148578 ], [ 738158.428674691123888, 5172441.761000889353454 ], [ 737898.832654699799605, 5172755.783766144886613 ], [ 737655.560957083245739, 5173082.615943007171154 ], [ 737429.24456929252483, 5173421.409808523952961 ], [ 737220.470500839990564, 5173771.28661403618753 ], [ 737029.780260740080848, 5174131.33886444568634 ], [ 736979.319355274434201, 5174232.78113220538944 ], [ 736923.400311545585282, 5174347.480982986278832 ], [ 736904.788311637355946, 5174386.443324028514326 ], [ 736892.598515499732457, 5174409.594811476767063 ], [ 736686.554257636191323, 5174868.877819076180458 ], [ 736679.597592782927677, 5174885.790188779123127 ], [ 736518.336511598550715, 5175311.942123939283192 ], [ 736381.598792257369496, 5175746.583820344880223 ], [ 736371.037573428009637, 5175783.827871351502836 ], [ 736265.038344369619153, 5176199.859886742196977 ], [ 736181.510242421762086, 5176620.979264800436795 ], [ 736120.693826526985504, 5177045.973191754892468 ], [ 736082.764246513368562, 5177473.617695228196681 ], [ 736067.830738667049445, 5177902.681169243529439 ], [ 736075.936311134835705, 5178331.9279212243855 ], [ 736107.057620061095804, 5178760.121730756014585 ], [ 736161.105036817956716, 5179186.029409876093268 ], [ 736237.922906133695506, 5179608.424354619346559 ], [ 736337.289994375780225, 5180026.090077614411712 ], [ 736348.8619437541347, 5180069.519435450434685 ], [ 736488.284630696638487, 5180535.37183871306479 ], [ 736655.752853074809536, 5180991.892968293279409 ], [ 736850.647875605733134, 5181437.396141628734767 ], [ 736891.446800054400228, 5181523.436245081946254 ], [ 737056.003017980605364, 5181850.875804482027888 ], [ 737235.38197779993061, 5182170.435818707570434 ], [ 737398.155201354064047, 5182431.619919613003731 ], [ 737477.240788637776859, 5182569.418409355916083 ], [ 737711.766524478560314, 5182931.362394463270903 ], [ 737965.456939418218099, 5183280.141611871309578 ], [ 738237.574722819961607, 5183614.742390536703169 ], [ 738439.100246701273136, 5183836.921343505382538 ], [ 738625.453463940764777, 5184063.083191283047199 ], [ 738905.991853690240532, 5184369.620760855264962 ], [ 739202.068469120538794, 5184661.178143678233027 ], [ 739512.884518331848085, 5184936.968740391544998 ], [ 739529.484241372323595, 5184950.944442518986762 ], [ 739867.915052851545624, 5185220.579722599126399 ], [ 740220.429733508266509, 5185471.521943726576865 ], [ 740585.9969652997097, 5185703.036948558874428 ], [ 740963.547243599314243, 5185914.447416082955897 ], [ 741010.156096441787668, 5185937.328631598502398 ], [ 741053.856229186290875, 5185972.74766082316637 ], [ 741380.280811277218163, 5186211.042482258751988 ], [ 741718.323374627623707, 5186432.547911265864968 ], [ 741749.044984591542743, 5186450.529213541187346 ], [ 741765.038698796997778, 5186719.995967655442655 ], [ 741807.141167581896298, 5187108.034428363665938 ], [ 741868.120086912764236, 5187493.557496757246554 ], [ 741869.951703203725629, 5187503.5509661026299 ], [ 741960.746036098804325, 5187932.335112355649471 ], [ 742074.886848204652779, 5188355.503317654132843 ], [ 742212.031539711751975, 5188771.785419786348939 ], [ 742371.768463424989022, 5189179.931925549171865 ], [ 742380.162549544125795, 5189198.339669439010322 ], [ 742410.917285622912459, 5189290.444747469387949 ], [ 742417.418499541352503, 5189308.168314919807017 ], [ 742590.306184683577158, 5189740.194681337103248 ], [ 742788.020405822782777, 5190161.438102309592068 ], [ 743009.892218724009581, 5190570.473347237333655 ], [ 743018.887168874847703, 5190585.963520958088338 ], [ 743222.998023987165652, 5190918.512830478139222 ], [ 743443.081060450407676, 5191240.714229448698461 ], [ 743678.612720375414938, 5191551.801229515112936 ], [ 743929.032694977591746, 5191851.033782485872507 ], [ 744193.745257501257583, 5192137.700040840543807 ], [ 744472.120680400519632, 5192411.118051152676344 ], [ 744490.715267561608925, 5192428.511160528287292 ], [ 744788.132044178782962, 5192692.549632489681244 ], [ 744819.007936471141875, 5192737.27164479997009 ], [ 745410.419261445524171, 5193546.009901747107506 ], [ 745439.858869801973924, 5193586.006585012190044 ], [ 746163.248324406798929, 5194562.441229688934982 ], [ 746176.666765408823267, 5194654.303759531117976 ], [ 746250.694947870681062, 5195032.620422285050154 ], [ 746287.974700926453806, 5195184.022582516074181 ], [ 746288.106192820006981, 5195184.979162628762424 ], [ 746349.327941991738044, 5195563.038733228109777 ], [ 746428.573220878257416, 5195937.735046617686749 ], [ 746525.660412745783105, 5196308.209362419322133 ], [ 746640.367010222631507, 5196673.612616357393563 ], [ 746772.430125248851255, 5197033.107366169802845 ], [ 746781.020153149496764, 5197054.866760665550828 ], [ 746951.694886109675281, 5197454.993922393769026 ], [ 747143.866549924248829, 5197845.252377330325544 ], [ 747308.541824141750112, 5198138.310346664860845 ], [ 747334.706160989007913, 5198195.734629658050835 ], [ 747300.761718475841917, 5198276.591745922341943 ], [ 747147.889517451752909, 5198708.499507091939449 ], [ 747019.993448405642994, 5199148.450435637496412 ], [ 746917.492998901056126, 5199595.00153221655637 ], [ 746912.485958970151842, 5199620.089583760127425 ], [ 746834.322303491411731, 5200081.741540541872382 ], [ 746783.300416394602507, 5200547.175588797777891 ], [ 746759.595073222881183, 5201014.79738356731832 ], [ 746761.902652879245579, 5201307.405324879102409 ], [ 746758.173455193871632, 5201372.671103966422379 ], [ 746757.158626220771112, 5201405.009254570119083 ], [ 746755.66534616460558, 5201681.928322957828641 ], [ 746706.237551015103236, 5202080.772552347742021 ], [ 746676.86101974803023, 5202483.429844895377755 ], [ 746667.835903241415508, 5202887.05643359106034 ], [ 746679.18518675735686, 5203290.62435797881335 ], [ 746682.451931096496992, 5203351.797887378372252 ], [ 746716.045639039366506, 5203772.305684237740934 ], [ 746771.758706492488272, 5204190.458047077059746 ], [ 746781.043631049222313, 5204240.019978099502623 ], [ 746781.113494417048059, 5204241.794662671163678 ], [ 746824.828622809611261, 5204694.67978040035814 ], [ 746894.219911293592304, 5205144.347203495912254 ], [ 746905.036856010206975, 5205203.272272305563092 ], [ 746993.699911296600476, 5205622.657706074416637 ], [ 747104.699092237860896, 5206036.692078149877489 ], [ 747237.715717966668308, 5206444.186687574721873 ], [ 747392.367895091301762, 5206843.971609177067876 ], [ 747568.211614119820297, 5207234.899052455089986 ], [ 747603.720945519977249, 5207308.504506554454565 ], [ 747786.401095306035131, 5207664.176232831552625 ], [ 747986.624128108262084, 5208010.27614778932184 ], [ 748203.889879238326102, 5208345.939680786803365 ], [ 748437.655610654852353, 5208670.328331657685339 ], [ 748687.337366743362509, 5208982.631765316240489 ], [ 748743.98133838782087, 5209049.961166670545936 ], [ 749014.570743319811299, 5209355.427857747301459 ], [ 749254.831797780701891, 5209600.276104114018381 ], [ 749369.359501609462313, 5209731.846705061383545 ], [ 749671.580737089854665, 5210043.208397241309285 ], [ 749990.239336641039699, 5210337.725757449865341 ], [ 750053.029925205395557, 5210392.678004920482635 ], [ 750414.280209050746635, 5210690.620731090195477 ], [ 750792.343679245561361, 5210966.917036096565425 ], [ 750904.783742519794032, 5211044.145810009911656 ], [ 751239.522868513595313, 5211261.965976065024734 ], [ 751584.715339253656566, 5211462.809361208230257 ], [ 751939.500892454292625, 5211646.17543890979141 ], [ 752035.973550003254786, 5211693.02270910423249 ], [ 752445.447550808545202, 5211877.841118326410651 ], [ 752688.05216702807229, 5211971.329725595191121 ], [ 752855.784029199741781, 5212039.893370696343482 ], [ 753274.729985890910029, 5212184.625433998182416 ], [ 753356.05644125980325, 5212210.222169768065214 ], [ 753753.317886318312958, 5212324.066701342351735 ], [ 754111.341015381272882, 5212406.925999510101974 ], [ 754267.851693212171085, 5212559.996881916187704 ], [ 754575.21092412667349, 5212831.230165023356676 ], [ 754896.060203240835108, 5213086.363327872939408 ], [ 755229.557114750030451, 5213324.726497652940452 ], [ 755432.532299427664839, 5213454.627809103578329 ], [ 755518.728055520565249, 5213568.127483154647052 ], [ 755781.2723267438123, 5213879.556209142319858 ], [ 756059.327905625686981, 5214177.217830409295857 ], [ 756352.173944609938189, 5214460.340671546757221 ], [ 756516.136008736095391, 5214603.450801682658494 ], [ 756705.224271413171664, 5214842.873197371140122 ], [ 756982.603584248689003, 5215158.493372075259686 ], [ 757070.751031210180372, 5215248.758470181375742 ], [ 757072.794468711013906, 5215255.415734465233982 ], [ 757206.130133309285156, 5215624.289795725606382 ], [ 757213.141172350849956, 5215642.292646673507988 ], [ 757363.669166998704895, 5216002.560120612382889 ], [ 757531.595954313524999, 5216355.053984463214874 ], [ 757716.521523950854316, 5216698.934579502791166 ], [ 757918.005373581894673, 5217033.382764262147248 ], [ 757926.402840200578794, 5217046.58211730979383 ], [ 758149.936216109897941, 5217379.235161381773651 ], [ 758389.848971919971518, 5217700.275793505832553 ], [ 758415.205795534770004, 5217730.881939772516489 ], [ 758419.977243223693222, 5217740.356559841893613 ], [ 758617.737487258389592, 5218088.50726496335119 ], [ 758832.669409605674446, 5218426.32718200981617 ], [ 759064.234612424159423, 5218752.970082500949502 ], [ 759311.853032017243095, 5219067.617736036889255 ], [ 759574.904391875257716, 5219369.481959942728281 ], [ 759852.729756448534317, 5219657.806593640707433 ], [ 759860.103744454449043, 5219664.729896414093673 ], [ 759867.708694623433985, 5219673.577445833943784 ], [ 759894.104795890743844, 5219702.614083888009191 ], [ 760205.629838900989853, 5220026.536294619552791 ], [ 760534.853061260539107, 5220332.45380128826946 ], [ 760880.73548874433618, 5220619.401178669184446 ], [ 761112.114517477224581, 5220790.364724480547011 ], [ 761204.505684270174243, 5220879.176511545665562 ], [ 761515.325003910809755, 5221148.625018353573978 ], [ 761839.583653142326511, 5221401.740556560456753 ], [ 762176.424316682852805, 5221637.853907874785364 ], [ 762524.956413358333521, 5221856.340806498192251 ], [ 762884.25845073221717, 5222056.623589637689292 ], [ 763253.380461461259983, 5222238.172724801115692 ], [ 763631.346514937351458, 5222400.508209839463234 ], [ 764017.157297573750839, 5222543.200842041522264 ], [ 764120.331949194893241, 5222575.436070254072547 ], [ 764229.096561609534547, 5222617.040294264443219 ], [ 764643.021852575824596, 5222750.083707614801824 ], [ 765063.563771637971513, 5222860.443078077398241 ], [ 765489.480177952442318, 5222947.792440809309483 ], [ 765508.374932295177132, 5222951.135216187685728 ], [ 765913.764923491515219, 5223012.187601084820926 ], [ 766321.750237377709709, 5223052.392355990596116 ], [ 766731.259476224076934, 5223071.64390042796731 ], [ 767141.21724036836531, 5223069.891678508371115 ], [ 767550.54695228964556, 5223047.140291686169803 ], [ 767607.260031315148808, 5223041.061593000777066 ], [ 767805.021683858707547, 5223235.423626880161464 ], [ 767817.274241382954642, 5223246.821676395833492 ], [ 768140.646379241254181, 5223531.783543557859957 ], [ 768478.896427760832012, 5223798.915926387533545 ], [ 768831.042548497673124, 5224047.44341969396919 ], [ 769196.062566878274083, 5224276.644622704014182 ], [ 769215.657936568721198, 5224288.224822364747524 ], [ 769569.147811432252638, 5224485.23609218839556 ], [ 769932.148123515886255, 5224664.119589178822935 ], [ 770303.729997378424741, 5224824.417571341618896 ], [ 770682.942598363035358, 5224965.71985484380275 ], [ 771068.815565672703087, 5225087.664863631129265 ], [ 771087.696375218685716, 5225093.11040701251477 ], [ 771578.23723479360342, 5225217.924874171614647 ], [ 772075.689440429094248, 5225311.46785484533757 ], [ 772097.057521155686118, 5225314.789892861619592 ], [ 772520.579263115301728, 5225369.10176351852715 ], [ 772946.395545467734337, 5225400.739381796680391 ], [ 773373.293321116594598, 5225409.612619809806347 ], [ 773400.514017902780324, 5225409.451807801611722 ], [ 773811.81716319732368, 5225396.438035796396434 ], [ 774221.90697939763777, 5225362.291612269356847 ], [ 774369.321418042760342, 5225342.34117999766022 ], [ 774403.830562831019051, 5225366.422253373079002 ], [ 774485.59777206776198, 5225491.238608546555042 ], [ 774722.569585571298376, 5225816.10081993509084 ], [ 774975.565620578592643, 5226128.645381644368172 ], [ 775243.946701989974827, 5226428.082673784345388 ], [ 775527.034785564406775, 5226713.656190976500511 ], [ 775824.114670947194099, 5226984.644453608430922 ], [ 775842.454007524182089, 5227000.547374373301864 ], [ 776229.409972330322489, 5227315.502463431097567 ], [ 776361.434339349041693, 5227409.915574403479695 ], [ 776432.931985734845512, 5227481.910679798573256 ], [ 776576.974224672070704, 5227611.609927456825972 ], [ 776622.380719290697016, 5227708.729632048867643 ], [ 776813.587661521974951, 5228068.685911050997674 ], [ 777022.879756409092806, 5228418.436445815488696 ], [ 777249.713731977157295, 5228757.073368017561734 ], [ 777493.500781745300628, 5229083.717657598666847 ], [ 777753.608093126793392, 5229397.521424491889775 ], [ 778029.360490058315918, 5229697.67010954208672 ], [ 778320.042185594560578, 5229983.384598903357983 ], [ 778624.898639919585548, 5230253.923246432095766 ], [ 778943.13851895055268, 5230508.583798824809492 ], [ 779273.93574845045805, 5230746.705218494869769 ], [ 779573.925818142597564, 5230940.246391221880913 ], [ 779605.597138150478713, 5230970.227650674059987 ], [ 779934.619010894210078, 5231249.633019939996302 ], [ 780278.232164523680694, 5231510.885299874469638 ], [ 780374.369546702830121, 5231576.107958313077688 ], [ 780686.625186602352187, 5231800.589379662647843 ], [ 781017.842916594701819, 5232014.759494447149336 ], [ 781047.085181971429847, 5232032.661420315504074 ], [ 781060.642277928884141, 5232040.419618084095418 ], [ 781290.948812793358229, 5232190.735210347920656 ], [ 781362.205104904365726, 5232234.497373315505683 ], [ 781781.094404465635307, 5232474.658616572618484 ], [ 781869.241557072964497, 5232521.719941192306578 ], [ 782264.952666240627877, 5232719.132790517061949 ], [ 782670.967542067286558, 5232894.37843412719667 ], [ 783086.045560962636955, 5233046.921389478258789 ], [ 783197.171878880355507, 5233084.308319664560258 ], [ 783287.3039812912466, 5233458.77419114112854 ], [ 783404.750303401146084, 5233855.367147143930197 ], [ 783542.53753278485965, 5234245.359827521257102 ], [ 783700.297347791609354, 5234627.709735455922782 ], [ 783877.608037673868239, 5235001.394804172217846 ], [ 784073.995629870565608, 5235365.416129042394459 ], [ 784288.93515699217096, 5235718.800637770444155 ], [ 784521.852060120319948, 5236060.603691539727151 ], [ 784772.123724673059769, 5236389.91161013673991 ], [ 785039.081144726718776, 5236705.844114331528544 ], [ 785322.010711349314079, 5237007.556678967550397 ], [ 785620.156120161176659, 5237294.242790478281677 ], [ 785932.720393027062528, 5237565.136102791875601 ], [ 786045.419178784010001, 5237657.818355852738023 ], [ 786373.615192105644383, 5237913.708357715979218 ], [ 786594.619082242134027, 5238068.239594648592174 ], [ 786660.202759511652403, 5238213.965280152857304 ], [ 786667.785952820326202, 5238229.691654132679105 ], [ 786850.940307383891195, 5238586.389889345504344 ], [ 787051.737273241276853, 5238933.462975456379354 ], [ 787269.672413435764611, 5239270.039004412479699 ], [ 787504.198236931697465, 5239595.272438599728048 ], [ 787541.803591145551763, 5239642.266316175460815 ], [ 787439.079566284548491, 5239650.143109533004463 ], [ 787404.376857815077528, 5239653.510294759646058 ], [ 787079.874926940072328, 5239691.700378774665296 ], [ 787059.315822360455059, 5239694.54671931732446 ], [ 786752.98426825995557, 5239743.026491669006646 ], [ 786734.256786948186345, 5239746.363607916049659 ], [ 786367.270417139050551, 5239820.658660478889942 ], [ 786004.162354746018536, 5239912.044028487987816 ], [ 785899.725012637791224, 5239940.94330042693764 ], [ 785602.998916121199727, 5240032.754590766504407 ], [ 785280.285053961910307, 5240070.89021828956902 ], [ 784909.889182623825036, 5240132.400310214608908 ], [ 784867.991944515728392, 5240140.372549932450056 ], [ 784499.349572009639814, 5240219.563061929307878 ], [ 784134.847979687037878, 5240316.035468302667141 ], [ 784113.838432984892279, 5240322.129313941113651 ], [ 783756.474247354781255, 5240434.921954372897744 ], [ 783417.442674919380806, 5240559.668481702916324 ], [ 783029.904861929360777, 5240646.212684141471982 ], [ 782990.586343550356105, 5240656.098527832888067 ], [ 782943.848038092372008, 5240665.698464781045914 ], [ 782564.90326373744756, 5240763.061274900101125 ], [ 782191.171938345301896, 5240878.834999145008624 ], [ 781851.70455050712917, 5241002.486636967398226 ], [ 781652.886823249747977, 5241072.127904264256358 ], [ 781194.770611600251868, 5241265.31957146152854 ], [ 781150.063608742551878, 5241285.83173768594861 ], [ 780826.271179679897614, 5241443.306619375944138 ], [ 780705.254768368438818, 5241505.56793196965009 ], [ 780591.598669704282656, 5241565.200347292236984 ], [ 780515.779221061384305, 5241605.759799915365875 ], [ 780333.392529972596094, 5241706.402973409742117 ], [ 780285.452920148265548, 5241733.676791299134493 ], [ 779923.236616802867502, 5241952.630486332811415 ], [ 779896.457308540935628, 5241969.801444557495415 ], [ 779510.299315652810037, 5242233.646597892045975 ], [ 779140.219274611212313, 5242519.606426595710218 ], [ 779127.990107283229008, 5242529.64021148905158 ], [ 778783.899064447381534, 5242828.765554001554847 ], [ 778457.407537363702431, 5243147.007441620342433 ], [ 778149.57598385901656, 5243483.332211686298251 ], [ 778134.008048460702412, 5243501.34599057212472 ], [ 777947.033355231629685, 5243730.024197166785598 ], [ 777875.70111905480735, 5243804.489801886491477 ], [ 777629.999496876844205, 5244086.229676514863968 ], [ 777614.992991479113698, 5244104.271461400203407 ], [ 777295.007284532068297, 5244515.515631689690053 ], [ 777266.453260941314511, 5244554.788150828331709 ], [ 776945.497076814295724, 5245031.304754245094955 ], [ 776931.314437761786394, 5245054.08631226234138 ], [ 776740.75107714754995, 5245376.798365491442382 ], [ 776565.510792146669701, 5245708.081184575334191 ], [ 776553.525563398492523, 5245732.082557999528944 ], [ 776362.310114798485301, 5246143.84093173686415 ], [ 776194.760008592624217, 5246565.783188493922353 ], [ 776185.606077385600656, 5246590.890177892521024 ], [ 776069.995105843408965, 5246931.602363517507911 ], [ 775969.820394761394709, 5247277.168156722560525 ], [ 775885.284564225119539, 5247626.888592970557511 ], [ 775879.596339752315544, 5247652.97588773816824 ], [ 775811.434929065871984, 5248002.853110130876303 ], [ 775758.926738440175541, 5248355.419328838586807 ], [ 775722.176013082265854, 5248709.974589470773935 ], [ 775720.700814554002136, 5248728.146186989732087 ], [ 775698.67900209245272, 5249115.953558340668678 ], [ 775695.507203388144262, 5249504.372735507786274 ], [ 775711.192895932705142, 5249892.488023209385574 ], [ 775745.699100824305788, 5250279.384442580863833 ], [ 775747.872949862852693, 5250298.500639894045889 ], [ 775774.870506335282698, 5250494.735576863400638 ], [ 775701.690192191512324, 5250903.252306935377419 ], [ 775649.669278051936999, 5251316.713027201592922 ], [ 775644.892746896948665, 5251381.970691504888237 ], [ 775329.628278234042227, 5251290.262424844317138 ], [ 775224.685244284686632, 5251262.896442817524076 ], [ 774763.381423642975278, 5251157.070502879098058 ], [ 774296.626873759087175, 5251078.708939180709422 ], [ 773826.055238070199266, 5251028.086017617024481 ], [ 773720.136630784138106, 5251019.852259862236679 ], [ 773325.863756408914924, 5250998.975135713815689 ], [ 773154.866571456426755, 5250998.369224361144006 ], [ 772892.214237973908894, 5250808.450526871718466 ], [ 772842.563685644534416, 5250774.465503660961986 ], [ 772535.99169242172502, 5250574.760848172940314 ], [ 772220.609216832090169, 5250389.282465219497681 ], [ 772154.404205748578534, 5250352.357939396984875 ], [ 772061.268683119909838, 5250301.221350675448775 ], [ 772038.647174280136824, 5250288.995684416033328 ], [ 771845.204444385017268, 5250189.437205262482166 ], [ 771831.200920814997517, 5250152.905834617093205 ], [ 771756.073196977959014, 5249970.4952063402161 ], [ 771567.717424149392173, 5249548.249337828718126 ], [ 771355.283126987866126, 5249137.589941220358014 ], [ 771227.459121888619848, 5248907.069550071842968 ], [ 771000.187668919679709, 5248522.883570311591029 ], [ 770751.841935767559335, 5248151.97175167594105 ], [ 770483.195097127230838, 5247795.48885381501168 ], [ 770195.083531118812971, 5247454.544714826159179 ], [ 769888.404215392423794, 5247130.200795993208885 ], [ 769716.095696838805452, 5246957.863264638930559 ], [ 769620.512167584500276, 5246863.852488189935684 ], [ 769485.837531840079464, 5246733.595863162539899 ], [ 769110.142562340013683, 5246392.608356927521527 ], [ 768971.814958380069584, 5246274.839547159150243 ], [ 768558.855792117770761, 5245946.123533696867526 ], [ 768350.345348572125658, 5245791.104004428721964 ], [ 768014.938498602248728, 5245554.850205155089498 ], [ 767869.793551701819524, 5245458.084250553511083 ], [ 767509.727781265275553, 5245231.624699463136494 ], [ 767138.13436923106201, 5245024.623193544335663 ], [ 766756.063829261693172, 5244837.664936685934663 ], [ 766364.596294398535974, 5244671.278469483368099 ], [ 765964.838463470106944, 5244525.934175025671721 ], [ 765557.92047239781823, 5244402.042949098162353 ], [ 765144.99269924336113, 5244299.955038561485708 ], [ 764727.222512031323276, 5244219.959051181562245 ], [ 764305.790968539542519, 5244162.281139723956585 ], [ 764233.984312277054414, 5244154.391916702501476 ], [ 763985.771720296237618, 5244028.975825256668031 ], [ 763599.480408941744827, 5243858.740212599746883 ], [ 763204.747136479127221, 5243709.118073009885848 ], [ 762802.670995401567779, 5243580.526013298891485 ], [ 762394.371523633017205, 5243473.322084275074303 ], [ 761980.985587294446304, 5243387.804783791303635 ], [ 761922.244574884301983, 5243377.260920784436166 ], [ 761736.713694493635558, 5243346.205577594228089 ], [ 761642.711887873476371, 5243331.604946472682059 ], [ 761221.689148128498346, 5243277.606508950702846 ], [ 761172.813195069902577, 5243273.95880064740777 ], [ 761126.341953153139912, 5243253.222914751619101 ], [ 760749.857749629532918, 5243107.531900393776596 ], [ 760366.503451782511547, 5242981.018227259628475 ], [ 760343.324587845709175, 5242974.012153409421444 ], [ 760061.988093553227372, 5242708.53743277490139 ], [ 759734.095925829489715, 5242430.850779064930975 ], [ 759391.767598969163373, 5242171.169305076822639 ], [ 759035.990640073665418, 5241930.242123499512672 ], [ 758667.791372007224709, 5241708.764245825819671 ], [ 758288.231952725793235, 5241507.374577426351607 ], [ 757898.407311230781488, 5241326.654074476100504 ], [ 757499.441988987149671, 5241167.124068048782647 ], [ 757456.169343968271278, 5241151.155136828310788 ], [ 757371.965079823276028, 5241122.471214903518558 ], [ 757358.757122021983378, 5241113.319469643756747 ], [ 756995.69142283545807, 5240889.412835053168237 ], [ 756621.207443709950894, 5240685.176128465682268 ], [ 756236.369836061727256, 5240501.189991272985935 ], [ 755842.272686492302455, 5240337.977492852136493 ], [ 755440.036406319239177, 5240196.002643487416208 ], [ 755030.804546266677789, 5240075.669075198471546 ], [ 754615.740545369684696, 5239977.318894217722118 ], [ 754196.024423338472843, 5239901.231708394363523 ], [ 753772.849425782100298, 5239847.623832269571722 ], [ 753713.506855625077151, 5239841.708913754671812 ], [ 753340.193323734914884, 5239814.254233746789396 ], [ 753333.856723509030417, 5239811.208231957629323 ], [ 752923.728685603709891, 5239641.378190058283508 ], [ 752602.808827090193518, 5239528.903327132575214 ], [ 752325.558539498248138, 5239339.127400576137006 ], [ 751972.04799199081026, 5239123.139949043281376 ], [ 751920.711582786403596, 5239095.316744765266776 ], [ 751757.624866782571189, 5238939.350442742928863 ], [ 751660.956022899365053, 5238851.419022708199918 ], [ 751375.246180429239757, 5238603.617925763130188 ], [ 751078.144074424752034, 5238369.596908888779581 ], [ 750771.746633143280633, 5238150.901762071996927 ], [ 750512.785025948192924, 5237848.492620449513197 ], [ 750233.948485918808728, 5237554.424655720591545 ], [ 749940.578176188049838, 5237274.854189999401569 ], [ 749633.426893147872761, 5237010.498608892783523 ], [ 749499.091880259336904, 5236900.678887794725597 ], [ 749176.259325642720796, 5236650.237938547506928 ], [ 748841.061195158283226, 5236416.606303917244077 ], [ 748494.371840179315768, 5236200.393402997404337 ], [ 748137.095586493960582, 5236002.163218785077333 ], [ 747770.164375406573527, 5235822.432827059179544 ], [ 747394.535332805127837, 5235661.671047600917518 ], [ 747011.188272534986027, 5235520.297221302054822 ], [ 746621.123140592244454, 5235398.680116326548159 ], [ 746225.357406803639606, 5235297.13696619309485 ], [ 745824.923410795396194, 5235215.932642287574708 ], [ 745813.392462193616666, 5235213.899361810646951 ], [ 745531.90740591508802, 5235065.499427125789225 ], [ 745143.167748052510433, 5234873.827282958664 ], [ 744744.618003662559204, 5234703.489871650934219 ], [ 744337.428020443418063, 5234554.987178036943078 ], [ 743922.793007453437895, 5234428.755096348933876 ], [ 743501.930026859743521, 5234325.16415074840188 ], [ 743076.07442154281307, 5234244.5184077443555 ], [ 742646.47618904162664, 5234187.054583677090704 ], [ 742008.780046874191612, 5234119.2817855887115 ], [ 741546.069149147951975, 5234083.642520732246339 ], [ 741340.516294414526783, 5234079.76684242580086 ], [ 741108.362917360733263, 5233844.825165145099163 ], [ 741067.159053819836117, 5233804.993092129006982 ], [ 740774.305810735211708, 5233535.651369848288596 ], [ 740468.423216521507129, 5233281.20329281874001 ], [ 740150.267890822840855, 5233042.278254206292331 ], [ 739820.626810649526305, 5232819.467249969951808 ], [ 739480.315363739966415, 5232613.321417004801333 ], [ 739430.951240120688453, 5232585.072388220578432 ], [ 738969.212899795733392, 5232340.498908719047904 ], [ 738854.263846140587702, 5232288.919793279841542 ], [ 738722.014541274285875, 5232012.922431419603527 ], [ 738670.87419838597998, 5231913.147711653262377 ], [ 738485.072869632625952, 5231571.384374997578561 ], [ 738344.633566105971113, 5231340.558837560005486 ], [ 738344.896151568507776, 5231340.399466809816658 ], [ 738285.135129207628779, 5231241.934876306913793 ], [ 738177.638585252338089, 5231064.833300645463169 ], [ 737966.485154157155193, 5230735.398937263526022 ], [ 737739.47581809037365, 5230416.683495876379311 ], [ 737497.153671247884631, 5230109.449467178434134 ], [ 737240.098441995796748, 5229814.431873882189393 ], [ 737108.234969510929659, 5229670.365226886235178 ], [ 736822.686974886106327, 5229374.066196619533002 ], [ 736522.280957208597101, 5229092.842091831378639 ], [ 736207.811728713917546, 5228827.436973378062248 ], [ 735880.111309986677952, 5228578.553048350848258 ], [ 735540.046728605986573, 5228346.848812174983323 ], [ 735188.517725170124322, 5228132.937306373380125 ], [ 734978.868648899486288, 5228012.639191029593349 ], [ 734660.949526767944917, 5227839.654335846193135 ], [ 734335.531627662247047, 5227681.226057809777558 ], [ 734003.281022675684653, 5227537.678630713373423 ], [ 733779.788011731347069, 5227447.062196226790547 ], [ 733449.331347394618206, 5227321.504744801670313 ], [ 733434.337146904319525, 5227316.553913068026304 ], [ 733272.107452124240808, 5227217.40345415007323 ], [ 733197.430069850175641, 5227174.352076625451446 ], [ 732834.810534539283253, 5226978.372407922521234 ], [ 732811.730073937796988, 5226949.609225808642805 ], [ 732663.873538751387969, 5226783.400444920174778 ], [ 732504.132727440213785, 5226593.693397131748497 ], [ 732374.912278202129528, 5226449.215040454640985 ], [ 732110.934552217833698, 5226168.014106786809862 ], [ 731833.710440025781281, 5225899.863036435097456 ], [ 731543.884306646184996, 5225645.385105522349477 ], [ 731242.12980856851209, 5225405.171809052117169 ], [ 731122.630203893058933, 5225314.662305154837668 ], [ 731045.90539965312928, 5225256.552054040133953 ], [ 730647.851812137058005, 5224973.764503589831293 ], [ 730233.287817191565409, 5224715.787467172369361 ], [ 730203.863977495464496, 5224698.700446706265211 ], [ 729923.738141512963921, 5224406.549258318729699 ], [ 729589.590245976578444, 5224095.663714233785868 ], [ 729319.470126377185807, 5223858.357442528009415 ], [ 728985.384943305980414, 5223580.561964924447238 ], [ 728636.710569531540386, 5223321.314172266982496 ], [ 728617.446521471603774, 5223308.554151490330696 ], [ 728349.421111753559671, 5223042.238351463340223 ], [ 728044.175056989071891, 5222768.547897049225867 ], [ 727725.308568657492287, 5222510.854704656638205 ], [ 727663.531078685540706, 5222463.493535734713078 ], [ 727348.491026632953435, 5222233.937152044847608 ], [ 727022.64305210323073, 5222019.999158260412514 ], [ 726686.760770973865874, 5221822.187477833591402 ], [ 726625.923150191782042, 5221788.326864838600159 ], [ 726191.194243208970875, 5221563.501818067394197 ], [ 726132.536493343068287, 5221537.581150246784091 ], [ 726104.362035682424903, 5221521.840518515557051 ], [ 726083.118180896271951, 5221510.847658172249794 ], [ 726051.499969055410475, 5221446.339264352805912 ], [ 726031.204482483211905, 5221407.812320219352841 ], [ 725824.047322123078629, 5221038.600463751703501 ], [ 725597.648502413299866, 5220680.864445885643363 ], [ 725352.642051423084922, 5220335.606103454716504 ], [ 725089.714107743347995, 5220003.792329664342105 ], [ 725048.6867782890331, 5219954.740518843755126 ], [ 724755.756139458972029, 5219623.559813371859491 ], [ 724444.976283533498645, 5219309.068319062702358 ], [ 724117.296492530032992, 5219012.226655190810561 ], [ 724099.502835870254785, 5218996.981251378543675 ], [ 723794.03460753033869, 5218748.039753718301654 ], [ 723476.67846323933918, 5218514.442267723381519 ], [ 723405.356809201883152, 5218464.605121372267604 ], [ 723052.120057275518775, 5218236.849672663025558 ], [ 723053.055339976912364, 5218235.390601054765284 ], [ 722969.226754395756871, 5218181.65545498766005 ], [ 722858.533313246443868, 5218111.969760592095554 ], [ 722723.787923899129964, 5218028.672760392539203 ], [ 722413.304757777834311, 5217846.266092444770038 ], [ 722094.927630728227086, 5217678.016296223737299 ], [ 722045.600074175512418, 5217653.352498491294682 ], [ 721654.156480594887398, 5217470.669697122648358 ], [ 721253.422871634596959, 5217309.382166542112827 ], [ 721000.407916469033808, 5217223.102600098587573 ], [ 720875.237169929197989, 5217140.186460928060114 ], [ 720849.825999328051694, 5217124.11380860209465 ], [ 720577.381056439131498, 5216959.289742244407535 ], [ 720298.592753794626333, 5216805.438183705322444 ], [ 720203.964498139102943, 5216755.647383281961083 ], [ 719761.181608969229273, 5216539.803668215870857 ], [ 719725.570344817242585, 5216523.781665681861341 ], [ 719288.359833073336631, 5216342.429148116149008 ], [ 719240.714237750391476, 5216324.298715993762016 ], [ 718893.529480614117347, 5216201.258515168912709 ], [ 718844.819075206294656, 5216185.248175350949168 ], [ 718477.868208801373839, 5216074.305727455765009 ], [ 718106.023882636800408, 5215981.069671128876507 ], [ 718007.658225614693947, 5215958.896252817474306 ], [ 717813.926712089334615, 5215921.874525838531554 ], [ 717509.837087498861365, 5215860.222974525764585 ], [ 717143.810160764842294, 5215803.507423781789839 ], [ 716775.550357342814095, 5215763.794932370074093 ], [ 716448.823750041658059, 5215736.195869198068976 ], [ 716089.381249558879063, 5215713.967927627265453 ], [ 715729.302583072916605, 5215707.939123308286071 ], [ 715556.785813187947497, 5215708.934300090186298 ], [ 715151.647375851403922, 5215721.540048053488135 ], [ 714747.66744729259517, 5215754.650101068429649 ], [ 714345.883094853255898, 5215808.179461461491883 ], [ 713947.325749555253424, 5215881.990712624043226 ], [ 713553.018558286479674, 5215975.894371780566871 ], [ 713485.516693412209861, 5215993.788431157357991 ], [ 713177.234436750994064, 5216082.160928158089519 ], [ 712872.741790314903483, 5216182.81814977992326 ], [ 712772.946631781640463, 5216218.041890820488334 ], [ 712498.717434067977592, 5216320.514194201678038 ], [ 712233.421941910521127, 5216425.21907889470458 ], [ 711834.314347275067121, 5216595.384301666170359 ], [ 711445.019001823384315, 5216786.93640723079443 ], [ 711066.680939195444807, 5216999.311983752995729 ], [ 710700.412964396760799, 5217231.886371365748346 ], [ 710358.745221387012862, 5217475.79943510890007 ], [ 710074.028502198401839, 5217413.028192163445055 ], [ 710066.937612841604277, 5217411.855544387362897 ], [ 709742.918831995571963, 5217225.111320396885276 ], [ 709350.036897472687997, 5217026.621854959055781 ], [ 709323.649224039399996, 5217014.18951858766377 ], [ 709028.514972165343352, 5216882.358144861645997 ], [ 708728.296081877080724, 5216762.556827498599887 ], [ 708674.568494388484396, 5216742.365479782223701 ], [ 708351.874065499287099, 5216628.905940435826778 ], [ 708024.62447984109167, 5216529.344551376998425 ], [ 707908.480548431514762, 5216496.705203380435705 ], [ 707485.220862217363901, 5216390.126620047725737 ], [ 707421.747941370122135, 5216375.97328023891896 ], [ 706845.793525199173018, 5216269.513269901275635 ], [ 706791.595165516599081, 5216261.534578965976834 ], [ 706275.478150680661201, 5216202.602940673008561 ], [ 705756.624574819463305, 5216177.291326520033181 ], [ 705638.342566590523347, 5216175.366416305303574 ], [ 705217.02146882424131, 5216179.606936379335821 ], [ 705118.141140855615959, 5216183.207911856472492 ], [ 704697.063238556263968, 5216209.675341513007879 ], [ 704486.326896928367205, 5216234.128158146515489 ], [ 704331.020385361858644, 5216196.503620997071266 ], [ 704132.280714627704583, 5216153.739949463866651 ], [ 703581.169949262519367, 5216055.193099898286164 ], [ 703371.243062490131706, 5216025.192858256399632 ], [ 702976.575662395218387, 5215978.761873045004904 ], [ 702580.089492483413778, 5215951.986695099622011 ], [ 702182.762871184735559, 5215944.933391415514052 ], [ 701785.576190719846636, 5215957.61936582159251 ], [ 701549.083854775177315, 5215976.961868225596845 ], [ 701238.525918104569428, 5215900.292998172342777 ], [ 700784.075336139881983, 5215815.603385338559747 ], [ 700629.034816670930013, 5215795.893305187113583 ], [ 700562.920396179310046, 5215657.531952775083482 ], [ 700362.821904954034835, 5215289.611510473303497 ], [ 700143.742956512724049, 5214932.667155699804425 ], [ 699906.283980728127062, 5214587.677166173234582 ], [ 699651.095781630370766, 5214255.587056269869208 ], [ 699644.34106190816965, 5214247.257483996450901 ], [ 699402.484733841265552, 5213962.843762313015759 ], [ 699147.622374124010094, 5213690.023627229034901 ], [ 698880.309047682909295, 5213429.391253923997283 ], [ 698789.962083773338236, 5213349.175037806853652 ], [ 698664.446093078935519, 5213141.725782840512693 ], [ 698422.335943643120117, 5212786.227663391269743 ], [ 698161.469623107463121, 5212444.255442001856863 ], [ 697882.60118284355849, 5212116.797612019814551 ], [ 697586.536710541578941, 5211804.800711983814836 ], [ 697274.132000160752796, 5211509.16658958978951 ], [ 696946.290078200749122, 5211230.749794842675328 ], [ 696603.958593442919664, 5210970.355109921656549 ], [ 696248.127077709650621, 5210728.735222904011607 ], [ 695879.824085556552745, 5210506.588552069850266 ], [ 695500.114221167284995, 5210304.557227079756558 ], [ 695179.617583351908252, 5210144.93396881967783 ], [ 695084.909768452635035, 5210090.95108959171921 ], [ 694968.630049031344242, 5210032.849240115843713 ], [ 694782.18218111677561, 5209731.77573305554688 ], [ 694556.672674351255409, 5209405.03504515811801 ], [ 694315.231078587006778, 5209089.884334220550954 ], [ 694058.451996624586172, 5208787.099727881141007 ], [ 694007.366798671195284, 5208732.591973341070116 ], [ 693969.908850827487186, 5208345.148951762355864 ], [ 693917.457283713738434, 5207921.161252981051803 ], [ 693842.446589603554457, 5207500.578167989850044 ], [ 693745.090685794362798, 5207084.599125724285841 ], [ 693677.268225700128824, 5206826.120990249328315 ], [ 693567.687286009080708, 5206446.873076873831451 ], [ 693439.531376741011627, 5206073.492540339007974 ], [ 693293.112551451777108, 5205706.888544528745115 ], [ 693128.787333031068556, 5205347.953752771019936 ], [ 692946.955845585674979, 5204997.562154246494174 ], [ 692748.060840156627819, 5204656.566935865208507 ], [ 692649.042923863045871, 5204496.041872550733387 ], [ 692409.473756791674532, 5204130.407192910090089 ], [ 692150.29097497696057, 5203778.403797503560781 ], [ 691872.268409535521641, 5203441.082648044452071 ], [ 691576.236140733002685, 5203119.450870082713664 ], [ 691379.193680183961987, 5202916.77277944330126 ], [ 691056.48857279936783, 5202603.002462929114699 ], [ 690716.647690156940371, 5202307.87779038771987 ], [ 690360.746790063218214, 5202032.332971583120525 ], [ 689989.912467907881364, 5201777.240236741490662 ], [ 689605.318590454407968, 5201543.407075528055429 ], [ 689434.594607191509567, 5201446.07682017236948 ], [ 689084.431289067026228, 5201258.088528452441096 ], [ 689021.11239495954942, 5200976.788284892216325 ], [ 688897.815918405889533, 5200544.172583747655153 ], [ 688750.39785909478087, 5200119.171075753867626 ], [ 688699.365562033839524, 5199984.409400473348796 ], [ 688546.619678030954674, 5199609.919219242408872 ], [ 688375.14254605374299, 5199243.627267204225063 ], [ 688185.372435396537185, 5198886.469730507582426 ], [ 687977.79436940618325, 5198539.359449129551649 ], [ 687813.618325683753937, 5198293.903911696746945 ], [ 687728.582665748428553, 5197936.5750887170434 ], [ 687622.419864581665024, 5197569.344777175225317 ], [ 687498.835732290754095, 5197207.605085805989802 ], [ 687358.112443585530855, 5196852.181960387155414 ], [ 687274.731828997144476, 5196655.455674271099269 ], [ 687078.533656527637504, 5196227.981915607117116 ], [ 686857.55274779163301, 5195812.77717671263963 ], [ 686612.552963136811741, 5195411.276687615551054 ], [ 686468.248885859153233, 5195189.716352984309196 ], [ 686228.226724571315572, 5194841.663721241056919 ], [ 685970.152035044040531, 5194506.777580892667174 ], [ 685819.631172862951644, 5194321.781184671446681 ], [ 685542.059979359968565, 5193998.607205851003528 ], [ 685247.678901817882434, 5193690.667326597496867 ], [ 684937.32272764260415, 5193398.834783516824245 ], [ 684611.871545417699963, 5193123.937137040309608 ], [ 684272.248249204130843, 5192866.753924682736397 ], [ 683919.415921455482021, 5192628.01445047557354 ], [ 683554.37510196887888, 5192408.395716852508485 ], [ 683178.160950616933405, 5192208.520504851825535 ], [ 682791.840311906766146, 5192028.955608070828021 ], [ 682578.674516548053361, 5191936.694402666762471 ], [ 682202.706771832075901, 5191785.160458912141621 ], [ 681819.545955707901157, 5191652.865069107152522 ], [ 681430.17579933302477, 5191540.147889842279255 ], [ 681035.595975790987723, 5191447.298312406055629 ], [ 680636.819533520494588, 5191374.554719788953662 ], [ 680234.870295403641649, 5191322.103874667547643 ], [ 680120.593580120941624, 5191310.127481963485479 ], [ 680023.612656192155555, 5191297.814271412789822 ], [ 679635.573437199927866, 5191258.132419122382998 ], [ 679246.061239364673384, 5191237.412076100707054 ], [ 678856.002061505918391, 5191235.702501431107521 ], [ 678582.022464166162536, 5191241.182417521253228 ], [ 678220.012287628371269, 5191256.630315841175616 ], [ 677862.667674379888922, 5191288.137542241252959 ], [ 677730.430055570788682, 5191267.664483464322984 ], [ 677299.931850539753214, 5191224.681766798719764 ], [ 676867.739520922652446, 5191205.034663019701838 ], [ 676435.117068686638959, 5191208.780632603913546 ], [ 676003.329753747908399, 5191235.90871998295188 ], [ 675573.640393556444906, 5191286.339585581794381 ], [ 675298.693061898695305, 5191326.172750074416399 ], [ 674856.545520375948399, 5191402.947353381663561 ], [ 674419.39864345442038, 5191504.39387222379446 ], [ 674150.134336115443148, 5191583.027916714549065 ], [ 674077.582912590703927, 5191591.914152922108769 ], [ 673647.662457072758116, 5191668.579471785575151 ], [ 673425.785168681293726, 5191720.779667688533664 ], [ 673079.435736297047697, 5191565.071063311770558 ], [ 672690.628304312122054, 5191414.108048590831459 ], [ 672294.481386517989449, 5191283.614100445993245 ], [ 671924.481454046210274, 5191182.77665183506906 ], [ 671748.34113040426746, 5191077.291107715107501 ], [ 671383.163097642012872, 5190883.490184369497001 ], [ 671325.183866180828772, 5190854.615142002701759 ], [ 670955.193025316111743, 5190681.989683293737471 ], [ 670576.876941641210578, 5190528.465378536842763 ], [ 670191.220967600122094, 5190394.442093228921294 ], [ 669799.229572928627022, 5190280.268901009112597 ], [ 669401.923728437861428, 5190186.243174468167126 ], [ 669000.33824681956321, 5190112.609810619615018 ], [ 668595.519087399588898, 5190059.560593049973249 ], [ 668188.520631858729757, 5190027.233692402020097 ], [ 667780.402938016806729, 5190015.713306496851146 ], [ 667372.228978833532892, 5190025.029441039077938 ], [ 666965.06187381548807, 5190055.157831463031471 ], [ 666559.962120042997412, 5190106.020006127655506 ], [ 666517.190051625017077, 5190112.502809110097587 ], [ 666089.586036531603895, 5190189.243774271570146 ], [ 665666.778358418843709, 5190289.08383029513061 ], [ 665250.013866357621737, 5190411.728551399894059 ], [ 664840.521588217001408, 5190556.816261427477002 ], [ 664439.509106292389333, 5190723.919100416824222 ], [ 664383.61155881290324, 5190750.86092313285917 ], [ 664342.737721176468767, 5190707.811153837479651 ], [ 664086.326845414587297, 5190460.76058834604919 ], [ 664018.284848535433412, 5190398.061740241013467 ], [ 663735.795690529048443, 5190149.776948545128107 ], [ 663495.500611475319602, 5189957.82135487627238 ], [ 663357.825039222021587, 5189805.302365556359291 ], [ 663057.562451768899336, 5189506.167088852263987 ], [ 662741.878673222381622, 5189223.35392233543098 ], [ 662727.608272038749419, 5189211.235279804095626 ], [ 662408.184017664403655, 5188953.776595364324749 ], [ 662075.980874826898798, 5188713.032124264165759 ], [ 662021.757720782770775, 5188675.819655334576964 ], [ 661683.450643610907719, 5188455.984109531156719 ], [ 661334.490486695664003, 5188253.484345213510096 ], [ 660975.76480481820181, 5188068.835405805148184 ], [ 660950.745255660847761, 5188056.745026797987521 ], [ 660660.704870856599882, 5187923.655650587752461 ], [ 660365.587397305993363, 5187802.239491520449519 ], [ 660354.629258294124156, 5187797.984656478278339 ], [ 660341.54761475767009, 5187792.519567988812923 ], [ 660303.989272754406556, 5187777.486489848233759 ], [ 659834.607066359953023, 5187606.41410134639591 ], [ 659797.009404387208633, 5187594.026711849495769 ], [ 659413.074010156095028, 5187478.114805431105196 ], [ 659023.812062144512311, 5187381.589716343209147 ], [ 658630.201836188673042, 5187304.694027152843773 ], [ 658604.254955999203958, 5187300.297163319773972 ], [ 658285.876349135185592, 5187252.913833611644804 ], [ 657965.849341571563855, 5187218.376438331790268 ], [ 657948.433111466001719, 5187216.850635418668389 ], [ 657399.903655992937274, 5187187.72554362565279 ], [ 657350.150789682636969, 5187186.794621902517974 ], [ 656963.106222471687943, 5187188.917302371002734 ], [ 656927.555896774865687, 5187189.972649369388819 ], [ 656479.044537578127347, 5187215.907405815087259 ], [ 656446.58153126668185, 5187218.700968087650836 ], [ 656028.32911925308872, 5187265.80618580058217 ], [ 656006.613947801175527, 5187269.416918103583157 ], [ 655798.910352419130504, 5187236.825211250223219 ], [ 655772.62840248842258, 5187233.253757462836802 ], [ 655454.881753869703971, 5187196.528420715592802 ], [ 655135.920996941160411, 5187172.53428378328681 ], [ 655090.326329885283485, 5187170.019844430498779 ], [ 654710.506303854170255, 5187158.112685777246952 ], [ 654330.549336876487359, 5187164.255636740475893 ], [ 653951.312736736494116, 5187188.434836804866791 ], [ 653913.112812874955125, 5187191.78296210616827 ], [ 653397.306137650390156, 5187253.926665374077857 ], [ 653352.688856433611363, 5187260.778448970988393 ], [ 652980.953057965030894, 5187326.879397361539304 ], [ 652933.674101548269391, 5187336.442535885609686 ], [ 652555.240856072399765, 5187422.593690586276352 ], [ 652181.431307100108825, 5187526.997540297918022 ], [ 651813.125272309873253, 5187649.408354667946696 ], [ 651791.196972174220718, 5187657.292136891745031 ], [ 651769.835190840531141, 5187665.006501335650682 ], [ 651760.678415738279, 5187668.327981575392187 ], [ 651322.547672145301476, 5187842.021331026218832 ], [ 650895.405616113101132, 5188041.213680511340499 ], [ 650855.014594301464967, 5188061.518870768137276 ], [ 650501.769993437221274, 5188250.322884562425315 ], [ 650158.418008292559534, 5188456.570594760589302 ], [ 650150.51319485809654, 5188461.592413420788944 ], [ 649818.448271571658552, 5188684.388978165574372 ], [ 649497.93124075117521, 5188923.500365375541151 ], [ 649189.762921322253533, 5189178.329149934463203 ], [ 649140.480678678490222, 5189221.199688323773444 ], [ 648818.620164537336677, 5189517.016144411638379 ], [ 648513.398729077773169, 5189829.972118299454451 ], [ 648225.727751899510622, 5190159.133135349489748 ], [ 647956.466207601130009, 5190503.516333281062543 ], [ 647706.418100914685056, 5190862.093396962620318 ], [ 647476.33006597799249, 5191233.793628917075694 ], [ 647422.591775853652507, 5191326.153055838309228 ], [ 647227.191992628620937, 5191682.511824488639832 ], [ 647050.142180205089971, 5192048.334201059304178 ], [ 646891.899272742681205, 5192422.676062886603177 ], [ 646752.871667115367018, 5192804.571300028823316 ], [ 646633.418168911710382, 5193193.034308622591197 ], [ 646558.343276624800637, 5193490.124788486398757 ] ] ] } },
{ "type": "Feature", "properties": { "name": "Le Doubs", "osm_id": "156145", "doubs_type": "side_stream" }, "geometry": { "type": "MultiPolygon", "coordinates": [ [ [ [ 768938.963141939137131, 5223600.96840238943696 ], [ 769190.149068568600342, 5223786.050733494572341 ], [ 769539.873544310336001, 5224016.511885278858244 ], [ 769901.18013956816867, 5224228.354033204726875 ], [ 770273.078538078465499, 5224420.9965326692909 ], [ 770654.549392181215808, 5224593.911363972350955 ], [ 771044.547116781119257, 5224746.624579580500722 ], [ 771442.002755223540589, 5224878.717603185214102 ], [ 771845.826909230207093, 5224989.828376988880336 ], [ 772254.912724864436314, 5225079.652354084886611 ], [ 772668.138926340849139, 5225147.94333319645375 ], [ 773084.372889364254661, 5225194.514133494347334 ], [ 773502.473745573894121, 5225219.237107654102147 ], [ 773921.295509584830143, 5225222.044491721317172 ], [ 774339.690220053889789, 5225202.928590850904584 ], [ 774756.511086161830463, 5225161.941800399683416 ], [ 775170.615630887681618, 5225099.196462309919298 ], [ 775580.868822458200157, 5225014.864557192660868 ], [ 775986.146185391815379, 5224909.177232937887311 ], [ 776385.336882607080042, 5224782.424171155318618 ], [ 776777.346760150394402, 5224634.952793176285923 ], [ 777161.101346195791848, 5224467.167307797819376 ], [ 777535.548796097165905, 5224279.527603372000158 ], [ 777899.662775421980768, 5224072.547987286932766 ], [ 778252.44527306209784, 5223846.795776282437146 ], [ 778592.929336713277735, 5223602.889741477556527 ], [ 778920.181723223533481, 5223341.498412360437214 ], [ 779233.305456548696384, 5223063.338244393467903 ], [ 779531.442286300472915, 5222769.171655264683068 ], [ 779813.775040152017027, 5222459.804935145191848 ], [ 780079.529863649513572, 5222136.086036712862551 ], [ 780327.978341294219717, 5221798.902250966057181 ], [ 780558.439493078389205, 5221449.177775224670768 ], [ 780770.28164100414142, 5221087.871179966256022 ], [ 780962.924140468938276, 5220715.972781456075609 ], [ 780977.018417804967612, 5220686.926187969744205 ], [ 781157.268016297486611, 5220288.020512752234936 ], [ 781315.428867785027251, 5219879.852899468503892 ], [ 781451.027439529658295, 5219463.645399754866958 ], [ 781563.657750137732364, 5219040.644136625342071 ], [ 781652.982585065299645, 5218612.115573583170772 ], [ 781718.734506237669848, 5218179.342722841538489 ], [ 781760.716652756673284, 5217743.621303984895349 ], [ 781778.803330301656388, 5217306.255864595063031 ], [ 781772.940387457492761, 5216868.555874443612993 ], [ 781743.145377843407914, 5216431.831804945133626 ], [ 781689.507507557747886, 5215997.391205612570047 ], [ 781685.558507347479463, 5215971.298428977839649 ], [ 781617.793724388582632, 5215587.112118990160525 ], [ 781531.380387036479078, 5215206.686144957318902 ], [ 781426.523985109408386, 5214830.925155010074377 ], [ 781303.473865798441693, 5214460.722704006358981 ], [ 781287.81049750756938, 5214417.17603112757206 ], [ 781137.863152742967941, 5214031.865486494265497 ], [ 780968.208949266234413, 5213654.816586150787771 ], [ 780779.301045176922344, 5213287.036453761160374 ], [ 780571.644026539288461, 5212929.507455471903086 ], [ 780345.79255959787406, 5212583.184575938619673 ], [ 780102.349909225828014, 5212248.992867502383888 ], [ 779841.966327562811784, 5211927.824979307129979 ], [ 779565.337317145895213, 5211620.538772972300649 ], [ 779525.725723217823543, 5211578.76084463391453 ], [ 779240.491645590867847, 5211292.748657518066466 ], [ 778941.184556700871326, 5211021.498373171314597 ], [ 778628.567509340005927, 5210765.701516431756318 ], [ 778303.437488677212968, 5210526.010215208865702 ], [ 777966.623380426201038, 5210303.035537944175303 ], [ 777618.983857686398551, 5210097.345935758203268 ], [ 777261.405191843397915, 5209909.465793240815401 ], [ 776894.798993111005984, 5209739.874091588892043 ], [ 776520.099886474316008, 5209589.003187488764524 ], [ 776479.946033778483979, 5209574.001995693892241 ], [ 776111.902120521757752, 5209446.623500696383417 ], [ 775738.095026374445297, 5209337.308088066987693 ], [ 775654.928197167115286, 5209315.169581880792975 ], [ 775190.103685528389178, 5209206.178520274348557 ], [ 774719.605352931888774, 5209125.109431502409279 ], [ 774627.291668096440844, 5209112.026461382396519 ], [ 774211.208036205614917, 5209064.13113084807992 ], [ 773793.18798454827629, 5209038.077573952265084 ], [ 773374.377277029911056, 5209033.937201681546867 ], [ 772955.923844688688405, 5209051.721362510696054 ], [ 772538.974639296298847, 5209091.381311289966106 ], [ 772124.672489642864093, 5209152.808342857286334 ], [ 771714.152969122980721, 5209235.834089987911284 ], [ 771308.541283207247034, 5209340.230984880588949 ], [ 770908.949185333331116, 5209465.712882902473211 ], [ 770516.471929666004144, 5209611.935846894048154 ], [ 770132.185269082314335, 5209778.499089874327183 ], [ 769757.142506607575342, 5209964.94607357122004 ], [ 769392.371608384768479, 5210170.765759763307869 ], [ 769038.872386091039516, 5210395.394010997377336 ], [ 768697.61375652323477, 5210638.215136849321425 ], [ 768369.531085864291526, 5210898.563581491820514 ], [ 768055.523625909932889, 5211175.725747935473919 ], [ 767756.452049281448126, 5211468.94195394590497 ], [ 767473.136090382118709, 5211777.408514285460114 ], [ 767206.352298562298529, 5212100.2799435518682 ], [ 766956.831909651402384, 5212436.67127360124141 ], [ 766725.258841691422276, 5212785.66047917958349 ], [ 766512.267820365261286, 5213146.291005132719874 ], [ 766318.44263925764244, 5213517.574388255365193 ], [ 766144.314559717196971, 5213898.492966602556407 ], [ 765990.360854706610553, 5214288.002668828703463 ], [ 765857.003500629914925, 5214685.03587591368705 ], [ 765744.60802072531078, 5215088.504347434267402 ], [ 765653.482483190484345, 5215497.302204355597496 ], [ 765583.87665679003112, 5215910.308960166759789 ], [ 765535.981326255598105, 5216326.392592057585716 ], [ 765509.927769359084778, 5216744.41264371573925 ], [ 765505.787397089065053, 5217163.223351233638823 ], [ 765523.571557918214239, 5217581.676783574745059 ], [ 765563.231506697600707, 5217998.625988967716694 ], [ 765624.658538264571689, 5218412.928138620220125 ], [ 765707.684285395196639, 5218823.447659140452743 ], [ 765812.081180287757888, 5219229.059345056302845 ], [ 765937.563078309874982, 5219628.651442930102348 ], [ 766083.786042301100679, 5220021.128698597662151 ], [ 766250.349285281146877, 5220405.41535918135196 ], [ 766436.796268978505395, 5220780.458121655508876 ], [ 766642.61595517070964, 5221145.229019878432155 ], [ 766867.244206404313445, 5221498.728242172859609 ], [ 767110.065332256257534, 5221839.986871740780771 ], [ 767370.413776899105869, 5222168.069542399607599 ], [ 767647.575943342410028, 5222482.077002353966236 ], [ 767940.792149353423156, 5222781.148578981868923 ], [ 768249.258709692629054, 5223064.464537881314754 ], [ 768572.130138959386386, 5223331.248329700902104 ], [ 768908.521469008526765, 5223580.768718612380326 ], [ 768938.963141939137131, 5223600.96840238943696 ] ] ], [ [ [ 750760.990069473045878, 5201728.577648395672441 ], [ 750787.082888987730257, 5201743.344207004643977 ], [ 750797.714242746238597, 5201749.028573880903423 ], [ 751045.061599153093994, 5201872.566733431071043 ], [ 751085.159613737137988, 5201892.891460932791233 ], [ 751097.039386248448864, 5201898.527148972265422 ], [ 751195.528256846009754, 5201947.717623398639262 ], [ 751603.767401274759322, 5202123.996179011650383 ], [ 752021.170387208228931, 5202277.319613444618881 ], [ 752446.447613371303305, 5202407.214221183210611 ], [ 752878.285150368115865, 5202513.278682022355497 ], [ 753315.348800175939687, 5202595.185300980694592 ], [ 753756.288218261906877, 5202652.681020740419626 ], [ 753765.806809402187355, 5202653.65401460416615 ], [ 753836.907118440023623, 5202659.031205751001835 ], [ 753888.984187483321875, 5202666.696421036496758 ], [ 754305.974940763320774, 5202705.917118296027184 ], [ 754724.446875403868034, 5202723.260455135256052 ], [ 755143.252988919848576, 5202718.678894674405456 ], [ 755561.245362864690833, 5202692.184994651004672 ], [ 755977.278309196000919, 5202643.851373003795743 ], [ 756390.211510525783524, 5202573.81050883140415 ], [ 756798.913145651924424, 5202482.254379272460938 ], [ 757202.262991801020689, 5202369.433933314867318 ], [ 757599.155495081213303, 5202235.65840395912528 ], [ 757988.502800728776492, 5202081.294460631906986 ], [ 758369.237734842114151, 5201906.765204172581434 ], [ 758740.316729431273416, 5201712.549007141031325 ], [ 759100.722682765685022, 5201499.178202634677291 ], [ 759449.467747178510763, 5201267.237625197507441 ], [ 759785.596036689355969, 5201017.363007828593254 ], [ 760108.186247020610608, 5200750.239239486865699 ], [ 760416.354180828784592, 5200466.598487854003906 ], [ 760709.255171227618121, 5200167.218192514032125 ], [ 760986.086396961822174, 5199852.918934047222137 ], [ 761246.089082884136587, 5199524.56218487303704 ], [ 761488.550579704693519, 5199183.047948019579053 ], [ 761712.806317314272746, 5198829.312290268950164 ], [ 761918.241626323782839, 5198464.324776473455131 ], [ 762104.293422830873169, 5198089.085812037810683 ], [ 762270.451751793618314, 5197704.623900880105793 ], [ 762416.26118478178978, 5197311.992826376110315 ], [ 762541.322068274836056, 5196912.26876300945878 ], [ 762645.291619083844125, 5196506.547326653264463 ], [ 762727.88486389699392, 5196095.940571562387049 ], [ 762788.875420371070504, 5195681.573942312970757 ], [ 762828.096117630251683, 5195264.583189032971859 ], [ 762845.439454469596967, 5194846.111254392191768 ], [ 762840.857894008280709, 5194427.305140877142549 ], [ 762814.363993985112756, 5194009.312766931951046 ], [ 762766.030372338485904, 5193593.279820600524545 ], [ 762695.989508165745065, 5193180.34661927074194 ], [ 762604.433378607034683, 5192771.644984144717455 ], [ 762491.612932649441063, 5192368.29513799585402 ], [ 762357.837403293466195, 5191971.402634715661407 ], [ 762203.473459966247901, 5191582.055329067632556 ], [ 762028.944203506805934, 5191201.320394954644144 ], [ 761834.728006475837901, 5190830.241400364786386 ], [ 761621.357201969367452, 5190469.835447031073272 ], [ 761389.416624531615525, 5190121.090382617898285 ], [ 761139.542007163050584, 5189784.962093107402325 ], [ 760872.41823882155586, 5189462.37188277579844 ], [ 760588.777487188461237, 5189154.203948968090117 ], [ 760289.397191848373041, 5188861.302958568558097 ], [ 759975.097933381213807, 5188584.471732834354043 ], [ 759661.374865152640268, 5188336.056432766839862 ], [ 759675.62044799735304, 5188346.21814991813153 ], [ 759659.477353768073954, 5188334.553926550783217 ], [ 759646.741184207727201, 5188324.469046912156045 ], [ 759576.668643087730743, 5188274.720335518941283 ], [ 759362.921347464900464, 5188120.276821479201317 ], [ 759316.831844851258211, 5188090.246564791537821 ], [ 759305.226947353570722, 5188082.007550091482699 ], [ 759316.199754030909389, 5188089.834717223420739 ], [ 759039.693398843170144, 5187909.67315436899662 ], [ 758706.68825969286263, 5187714.896901529282331 ], [ 758698.400215630419552, 5187710.313736997544765 ], [ 758328.253658340312541, 5187518.053263199515641 ], [ 757948.58961143787019, 5187345.34606836270541 ], [ 757560.440123791340739, 5187192.661626134999096 ], [ 757164.860310423304327, 5187060.414981888607144 ], [ 757129.713902370654978, 5187050.669509891420603 ], [ 756868.014895440894179, 5186967.699276802130044 ], [ 756515.362656130339019, 5186873.363289796747267 ], [ 756508.870682653854601, 5186871.784455427899957 ], [ 756097.263861148385331, 5186783.08598374389112 ], [ 755681.560385705670342, 5186716.166518012993038 ], [ 755262.911804280709475, 5186671.211433095857501 ], [ 754842.47782312205527, 5186648.345259914174676 ], [ 754421.423094247002155, 5186647.63134047947824 ], [ 754000.913989218068309, 5186669.07165243383497 ], [ 753582.115368154714815, 5186712.60680356901139 ], [ 753166.187352932873182, 5186778.116196350194514 ], [ 753096.512212691945024, 5186792.883647821843624 ], [ 753039.594596272450872, 5186802.021400560624897 ], [ 752630.100144710042514, 5186889.96368591953069 ], [ 752225.769434660323896, 5186999.216733132489026 ], [ 751827.710708494647406, 5187129.481087189167738 ], [ 751437.015017512720078, 5187280.399702550843358 ], [ 751054.753231446724385, 5187451.558921783231199 ], [ 750681.973103281459771, 5187642.48960936255753 ], [ 750319.696397436666302, 5187852.668437547050416 ], [ 749968.91608918143902, 5188081.519320776686072 ], [ 749630.593642958323471, 5188328.414994687773287 ], [ 749305.656377075822093, 5188592.678735400550067 ], [ 748994.994921993813477, 5188873.586214369162917 ], [ 748699.460779166663997, 5189170.367483721114695 ], [ 748419.863987137679942, 5189482.209086624905467 ], [ 748156.970901279128157, 5189808.256286922842264 ], [ 747911.502093265997246, 5190147.615411902777851 ], [ 747684.130376038723625, 5190499.356301791965961 ], [ 747475.478959669708274, 5190862.514859259128571 ], [ 747286.119743188028224, 5191236.095691941678524 ], [ 747116.571747043984942, 5191619.074840744957328 ], [ 746967.299690509913489, 5192010.402586442418396 ], [ 746838.712717916816473, 5192409.006326884031296 ], [ 746731.163277218700387, 5192813.793516923673451 ], [ 746644.946153956814669, 5193223.654663009569049 ], [ 746580.297663273173384, 5193637.466364230029285 ], [ 746537.395002187113278, 5194054.094391475431621 ], [ 746516.355763910454698, 5194472.396796282380819 ], [ 746517.237615532940254, 5194891.227040834724903 ], [ 746540.03813996061217, 5195309.437140545807779 ], [ 746584.694842540775426, 5195725.880810601636767 ], [ 746651.085322355735116, 5196139.416607848368585 ], [ 746739.027607715106569, 5196548.911059410311282 ], [ 746848.280654927482828, 5196953.2417694600299 ], [ 746978.545008984510787, 5197351.300495626404881 ], [ 747129.463624346302822, 5197741.996186607517302 ], [ 747300.622843578457832, 5198124.257972674444318 ], [ 747491.55353115813341, 5198497.038100839592516 ], [ 747701.732359342044219, 5198859.314806683920324 ], [ 747930.583242571447045, 5199210.095114938914776 ], [ 748177.478916482883506, 5199548.417561162263155 ], [ 748441.742657195427455, 5199873.354827044531703 ], [ 748722.650136164622381, 5200184.01628212723881 ], [ 749019.431405516341329, 5200479.550424953922629 ], [ 749331.273008420132101, 5200759.147216983139515 ], [ 749657.320208718418144, 5201022.040302841924131 ], [ 749996.67933369835373, 5201267.509110854938626 ], [ 750348.420223586959764, 5201494.88082808163017 ], [ 750711.578781054238789, 5201703.532244451344013 ], [ 750760.990069473045878, 5201728.577648395672441 ] ] ], [ [ [ 677876.936744517530315, 5212756.451669484376907 ], [ 677853.204231325653382, 5213107.832771288231015 ], [ 677846.983297711005434, 5213529.121041476726532 ], [ 677862.951191917643882, 5213950.152552137151361 ], [ 677901.063622373621911, 5214369.75945062469691 ], [ 677961.214873232180253, 5214786.777835871092975 ], [ 678043.23809760552831, 5215200.050986797548831 ], [ 678146.905780362314545, 5215608.432570816017687 ], [ 678271.930369207402691, 5216010.789823513478041 ], [ 678417.96507229085546, 5216406.006690700538456 ], [ 678584.604820135282353, 5216792.986924112774432 ], [ 678771.387389213661663, 5217170.657122171483934 ], [ 678977.79468405933585, 5217537.969707374460995 ], [ 679203.254174354253337, 5217893.90583205036819 ], [ 679447.140483006834984, 5218237.478204434737563 ], [ 679708.777120816521347, 5218567.733827201649547 ], [ 679987.438362911925651, 5218883.75664088409394 ], [ 680282.35126175894402, 5219184.670064823701978 ], [ 680309.270626538083889, 5219210.727639055810869 ], [ 680620.784447443089448, 5219496.713308823294938 ], [ 680946.975023660575971, 5219765.838506295345724 ], [ 681286.930914175813086, 5220017.351242417469621 ], [ 681639.702214962337166, 5220250.548740835860372 ], [ 682004.303213201463223, 5220464.779401597566903 ], [ 682190.717802333994769, 5220567.783220742829144 ], [ 682511.233685295796022, 5220735.539866322651505 ], [ 682839.005945488228463, 5220888.634832977317274 ], [ 683173.364325906150043, 5221026.755058907903731 ], [ 683434.06999874219764, 5221127.611695774830878 ], [ 683790.721512123243883, 5221255.957864927127957 ], [ 683817.230019084992819, 5221264.101325921714306 ], [ 684037.416733912541531, 5221344.787343827076256 ], [ 684437.678788259392604, 5221468.1155209178105 ], [ 684843.846795451478101, 5221570.326583666726947 ], [ 685254.807477213442326, 5221651.140378654003143 ], [ 685669.43441888212692, 5221710.335400885902345 ], [ 686086.591156830778345, 5221747.749400921165943 ], [ 686396.079632816952653, 5221759.233255936764181 ], [ 686395.49236275581643, 5221770.413419239223003 ], [ 686395.442206964828074, 5222189.244589162059128 ], [ 686417.312049692845903, 5222607.504390473477542 ], [ 686461.041947221150622, 5223024.046402133069932 ], [ 686526.512038940098137, 5223437.728911438025534 ], [ 686561.322813382605091, 5223601.597219101153314 ], [ 686545.610078406054527, 5223537.953538458794355 ], [ 686573.050614449311979, 5223664.837354434654117 ], [ 686581.018199682817794, 5223712.13453281391412 ], [ 686664.745002438197844, 5224094.117710305377841 ], [ 686767.038089164998382, 5224471.553068736568093 ], [ 686887.653041200828739, 5224843.538765681907535 ], [ 686892.00013043906074, 5224855.906704839318991 ], [ 687001.05088831379544, 5225147.860681374557316 ], [ 687001.639842514763586, 5225149.348377579823136 ], [ 687007.67077232664451, 5225164.537137196399271 ], [ 687025.63488576002419, 5225209.644966578111053 ], [ 687196.360558966174722, 5225606.771802467294037 ], [ 687388.287401391076855, 5225994.097332780249417 ], [ 687412.480965689872392, 5226039.776773552410305 ], [ 687630.104032263159752, 5226424.570880978368223 ], [ 687868.649985529948026, 5226796.756496490910649 ], [ 688127.39041683357209, 5227155.197137913666666 ], [ 688173.202606220031157, 5227215.102063097991049 ], [ 688232.559549705241807, 5227291.751420563086867 ], [ 688279.393973839352839, 5227351.478971505537629 ], [ 688546.3738434050465, 5227674.188284450210631 ], [ 688829.877126819803379, 5227982.482688724994659 ], [ 689129.126761289779097, 5228275.517170798964798 ], [ 689443.302524367463775, 5228552.488543523475528 ], [ 689771.54328212433029, 5228812.637647619470954 ], [ 690112.949349459144287, 5229055.251432473771274 ], [ 690466.58495607227087, 5229279.664910566993058 ], [ 690831.480811346671544, 5229485.262980154715478 ], [ 691206.636761106899939, 5229671.482111218385398 ], [ 691591.024528971291147, 5229837.811890063807368 ], [ 691983.590534786577336, 5229983.796418328769505 ], [ 692029.422506841016002, 5229998.158222132362425 ], [ 692132.285637449473143, 5230083.64077671058476 ], [ 692467.973367664264515, 5230334.10694048833102 ], [ 692816.30943569925148, 5230566.6613107342273 ], [ 693176.339076604694128, 5230780.666472083888948 ], [ 693547.075474159908481, 5230975.535851264372468 ], [ 693927.502465669065714, 5231150.735324853099883 ], [ 694316.577327191480435, 5231305.784683271311224 ], [ 694713.233631575945765, 5231440.258947004564106 ], [ 695116.384171463432722, 5231553.789531443268061 ], [ 695524.923939246684313, 5231646.065257146954536 ], [ 695937.733155819587409, 5231716.833202765323222 ], [ 696353.680339813465253, 5231765.899398278445005 ], [ 696771.625408909167163, 5231793.12935665436089 ], [ 697190.422804723144509, 5231798.448442471213639 ], [ 697608.924632703885436, 5231781.842076484113932 ], [ 698025.983808430610225, 5231743.355775587260723 ], [ 698440.457201691926457, 5231683.095028056763113 ], [ 698851.208769726799801, 5231601.225004412233829 ], [ 699257.112671038135886, 5231497.970104699023068 ], [ 699657.056351246428676, 5231373.613343419507146 ], [ 700049.943592523923144, 5231228.495573812164366 ], [ 700434.697518251719885, 5231063.014553596265614 ], [ 700810.263544663204812, 5230877.623854746110737 ], [ 701175.612271385383792, 5230672.831620281562209 ], [ 701529.742302953149192, 5230449.199171481654048 ], [ 701871.682993565453216, 5230207.339469343423843 ], [ 702200.497107557253912, 5229947.915434500202537 ], [ 702515.28338829765562, 5229671.638130199164152 ], [ 702815.179028471698985, 5229379.264813326299191 ], [ 703099.362034975318238, 5229071.596858821809292 ], [ 703367.05348194076214, 5228749.477563162334263 ], [ 703617.519645718974061, 5228413.789832947775722 ], [ 703850.074015964753926, 5228065.453764912672341 ], [ 704064.079177314066328, 5227705.424124007113278 ], [ 704258.948556494666263, 5227334.68772645201534 ], [ 704359.612872578436509, 5227116.105888644233346 ], [ 704361.01102691644337, 5227116.746367924846709 ], [ 704371.185432799276896, 5227094.535829436033964 ], [ 704416.533986149937846, 5226995.508828988298774 ], [ 704561.66570668539498, 5226658.361641797237098 ], [ 704691.179670409183018, 5226314.912118087522686 ], [ 704740.246328746667132, 5226175.165693605318666 ], [ 704906.199559160624631, 5225644.114890035241842 ], [ 704915.908515237621032, 5225608.77335705794394 ], [ 705007.512502007186413, 5225241.525482854805887 ], [ 705081.643407153780572, 5224870.355844547972083 ], [ 705138.135290625272319, 5224496.095295463688672 ], [ 705176.861696848645806, 5224119.581607850268483 ], [ 705197.735937797348015, 5223741.657597547397017 ], [ 705198.41567962244153, 5223720.098940936848521 ], [ 705200.971020708209835, 5223317.354326527565718 ], [ 705200.578807053156197, 5223296.527566719800234 ], [ 705179.787673102226108, 5222851.460060060024261 ], [ 705134.25075931113679, 5222408.240310706198215 ], [ 705064.109313613618724, 5221968.243112611584365 ], [ 704969.580903109628707, 5221532.833263914100826 ], [ 704962.197494600783102, 5221502.874275980517268 ], [ 704859.325540836667642, 5221125.433473909273744 ], [ 704738.12484196096193, 5220753.473007553257048 ], [ 704598.885227094753645, 5220387.882351776584983 ], [ 704441.939662100281566, 5220029.535749214701355 ], [ 704267.663453354150988, 5219679.290119685232639 ], [ 704076.47335027216468, 5219337.983011023141444 ], [ 704056.125135079957545, 5219303.654466652311385 ], [ 703824.541119590518065, 5218936.093081605620682 ], [ 703573.345801818650216, 5218581.645003126934171 ], [ 703303.279943128698505, 5218241.355479370802641 ], [ 703015.139953087200411, 5217916.22800568304956 ], [ 702709.775540892966092, 5217607.221365344710648 ], [ 702388.087209631688893, 5217315.246802175417542 ], [ 702350.87598508852534, 5217283.27173412963748 ], [ 701996.84659706428647, 5216996.179657235741615 ], [ 701952.735410115332343, 5216964.39534870814532 ], [ 701728.44956733903382, 5216773.881599964573979 ], [ 701689.919758068048395, 5216742.833815320394933 ], [ 701191.812640946824104, 5216372.383324089460075 ], [ 701164.288288165815175, 5216353.52621119748801 ], [ 700775.842764397035353, 5216103.564832116477191 ], [ 700760.23535113921389, 5216094.147395894862711 ], [ 700588.019966831081547, 5215993.143114615231752 ], [ 700572.328397700213827, 5215984.201274540275335 ], [ 700345.775234878412448, 5215859.903549910522997 ], [ 700252.533007784280926, 5215810.688750299625099 ], [ 699904.071360392845236, 5215637.466808804310858 ], [ 699547.598467817995697, 5215481.394910059869289 ], [ 699183.957785921986215, 5215342.842338129878044 ], [ 698814.009730380843394, 5215222.136924333870411 ], [ 698561.23949376179371, 5215153.067428017966449 ], [ 698210.837801547488198, 5214950.706964508630335 ], [ 697837.679266865365207, 5214760.516903231851757 ], [ 697455.078354261349887, 5214590.117099567316473 ], [ 697064.083746242453344, 5214439.974607531912625 ], [ 696665.767131851520389, 5214310.500957259908319 ], [ 696261.220269242185168, 5214202.051027026958764 ], [ 695851.551993244909681, 5214114.922070554457605 ], [ 695437.885176128591411, 5214049.352902255021036 ], [ 695021.353649885393679, 5214005.523242662660778 ], [ 694603.099098475999199, 5213983.553225825540721 ], [ 694587.010800216696225, 5213983.551299222745001 ], [ 694591.928279089392163, 5213851.025850242935121 ], [ 694585.532568557886407, 5213432.243512624874711 ], [ 694557.228249028441496, 5213014.369827271439135 ], [ 694507.092900673509575, 5212598.550156909972429 ], [ 694435.263940998120233, 5212185.924234352074564 ], [ 694341.938248187769204, 5211777.623038571327925 ], [ 694227.371621479629539, 5211374.765694764442742 ], [ 694091.878080034162849, 5210978.456406908109784 ], [ 693935.829002230195329, 5210589.781431213952601 ], [ 693759.652107743313536, 5210209.806098773144186 ], [ 693563.83028519526124, 5209839.571895560249686 ], [ 693348.900268590427004, 5209480.093607791699469 ], [ 693115.451166164595634, 5209132.356540467590094 ], [ 692864.122845680685714, 5208797.313816718757153 ], [ 692695.072459163144231, 5208594.952187954448164 ], [ 692663.46990456583444, 5208545.742729931138456 ], [ 692419.012565137003548, 5208205.6542699476704 ], [ 692157.09139123535715, 5207878.825797998346388 ], [ 691878.424290592898615, 5207566.153128207661211 ], [ 691583.775070362258703, 5207268.493274630047381 ], [ 691273.951343575376086, 5206986.662102233618498 ], [ 690949.802315531880595, 5206721.432090671733022 ], [ 690612.216456186259165, 5206473.530216970480978 ], [ 690262.119064913596958, 5206243.635962935164571 ], [ 689900.469734328566119, 5206032.379452735185623 ], [ 689528.259720108122565, 5205840.339725781232119 ], [ 689146.509224029490724, 5205668.043149615637958 ], [ 688756.264597667148337, 5205515.961977178230882 ], [ 688358.595474416506477, 5205384.513052391819656 ], [ 687954.591837702551857, 5205274.056667622178793 ], [ 687545.361033411580138, 5205184.895576141774654 ], [ 687132.02473473304417, 5205117.274162304587662 ], [ 686715.715867730905302, 5205071.377771707251668 ], [ 686297.575506072258577, 5205047.332203164696693 ], [ 685878.749743423890322, 5205045.203363908454776 ], [ 685460.386552089010365, 5205064.997088940814137 ], [ 685043.632636495050974, 5205106.659125035628676 ], [ 684629.630290156346746, 5205170.075279449112713 ], [ 684219.514264727244154, 5205255.071732909418643 ], [ 683814.408659726730548, 5205361.415516044944525 ], [ 683415.423841459443793, 5205488.815147940069437 ], [ 683023.653399579226971, 5205636.921435056254268 ], [ 682640.17114963568747, 5205805.328428357839584 ], [ 682266.028189820353873, 5205993.574535980820656 ], [ 682106.451230896520428, 5206084.628020818345249 ], [ 682134.352337506250478, 5206065.262717949226499 ], [ 681759.269586827489547, 5206283.692900730296969 ], [ 681396.585730072343722, 5206522.144645650871098 ], [ 681047.368411126197316, 5206779.916014802642167 ], [ 680712.645632003783248, 5207056.248198492452502 ], [ 680393.402726686326787, 5207350.327748972922564 ], [ 680111.527550821774639, 5207639.777933563105762 ], [ 680109.852440471877344, 5207641.425035942345858 ], [ 680108.797488009440713, 5207642.581363068893552 ], [ 680090.579460563487373, 5207661.288975014351308 ], [ 680064.823656537453644, 5207690.780818498693407 ], [ 679817.420061951270327, 5207961.958428712561727 ], [ 679542.79581899184268, 5208297.874902060255408 ], [ 679286.78752889612224, 5208648.186345336027443 ], [ 679050.148249457241036, 5209011.862304555252194 ], [ 678833.574063811800443, 5209387.83301352057606 ], [ 678637.7020328855142, 5209774.992540574632585 ], [ 678463.108321455540136, 5210172.202041740529239 ], [ 678454.272271748865023, 5210193.882251536473632 ], [ 678302.494736551539972, 5210597.011579906567931 ], [ 678172.635586661868729, 5211007.725929270498455 ], [ 678065.071311503648758, 5211424.834550965577364 ], [ 677980.11376289522741, 5211847.128157971426845 ], [ 677918.009250923641957, 5212273.382430883124471 ], [ 677878.937829839647748, 5212702.361567482352257 ], [ 677876.936744517530315, 5212756.451669484376907 ] ] ], [ [ [ 656785.533398508676328, 5203455.782556877471507 ], [ 656853.488270486122929, 5203601.545440602116287 ], [ 657050.085341135854833, 5203971.368564846925437 ], [ 657265.768029181053862, 5204330.395763666369021 ], [ 657499.945163365569897, 5204677.642968463711441 ], [ 657751.974880442256108, 5205012.158398788422346 ], [ 658021.16638447495643, 5205333.025171095505357 ], [ 658306.781840262236074, 5205639.363811867311597 ], [ 658608.038395692710765, 5205930.334668182767928 ], [ 658924.110327488160692, 5206205.14020914863795 ], [ 659254.131304453359917, 5206463.027211879380047 ], [ 659597.19676202989649, 5206703.288826026022434 ], [ 659952.366381644736975, 5206925.266511204652488 ], [ 660318.666668058140203, 5207128.351842009462416 ], [ 660695.093617646140046, 5207311.988175665028393 ], [ 661080.615470305085182, 5207475.67217774502933 ], [ 661474.175537434173748, 5207618.955201777629554 ], [ 661874.695098245400004, 5207741.44451895263046 ], [ 662281.076356462319382, 5207842.804394567385316 ], [ 662692.205449303379282, 5207922.757008247077465 ], [ 663106.955500502372161, 5207981.083215435035527 ], [ 663524.189708997961134, 5208017.623148052021861 ], [ 663942.764464826090261, 5208032.276652682572603 ], [ 664361.532483675866388, 5208025.003565088845789 ], [ 664779.3459515159484, 5207995.823820297606289 ], [ 665116.707145472522825, 5207954.430941628292203 ], [ 665285.031182045233436, 5207988.965561415068805 ], [ 665699.159366959123872, 5208051.554680872708559 ], [ 666115.995665005641058, 5208092.384229552932084 ], [ 666534.397556865820661, 5208111.342296500690281 ], [ 666953.218232036801055, 5208108.376918972469866 ], [ 667371.309732159716077, 5208083.496224860660732 ], [ 667787.52609749417752, 5208036.768410420045257 ], [ 668200.726507913321257, 5207968.321553342044353 ], [ 668609.778409813647158, 5207878.343261702917516 ], [ 668986.86087021487765, 5207774.437336326576769 ], [ 668994.74809920496773, 5207776.308031987398863 ], [ 669406.698782102088444, 5207851.494700537063181 ], [ 669822.019362470833585, 5207905.022411016747355 ], [ 669833.025864724302664, 5207906.148995741270483 ], [ 670315.899472168995999, 5207940.849422967992723 ], [ 670729.768929823883809, 5207945.491133246570826 ], [ 670744.399904214777052, 5207953.856999460607767 ], [ 671118.372595119406469, 5208142.441139494068921 ], [ 671501.702500749379396, 5208311.194613129831851 ], [ 671893.33894047816284, 5208459.654878827743232 ], [ 672292.208466046839021, 5208587.415017317980528 ], [ 672697.217803810955957, 5208694.124846942722797 ], [ 673107.25685132748913, 5208779.49188347440213 ], [ 673521.201720068580471, 5208843.282141801901162 ], [ 673937.917815922177397, 5208885.320777258835733 ], [ 674356.262949034920894, 5208905.492564869113266 ], [ 674775.090464475913905, 5208903.742215164937079 ], [ 675193.252385137602687, 5208880.074525731615722 ], [ 675338.777878356049769, 5208864.164016204886138 ], [ 675451.231051358859986, 5208857.747883389703929 ], [ 675867.56045925244689, 5208812.038195822387934 ], [ 676280.927041953545995, 5208744.602154118940234 ], [ 676690.197790391626768, 5208655.624595782719553 ], [ 677094.250921893282793, 5208545.3494021166116 ], [ 677491.978954910533503, 5208414.078829759731889 ], [ 677882.29174455057364, 5208262.172682228498161 ], [ 678264.119470587349497, 5208090.047323712147772 ], [ 678636.415569764212705, 5207898.174537856131792 ], [ 678998.159604351385497, 5207687.080234628170729 ], [ 679348.360059094498865, 5207457.343008841387928 ], [ 679686.05705888941884, 5207209.592554262839258 ], [ 680010.32499973254744, 5206944.507937666960061 ], [ 680320.275085737695917, 5206662.815737561322749 ], [ 680615.057765263481997, 5206365.288052688352764 ], [ 680893.865059475414455, 5206052.74038574937731 ], [ 681155.932776959729381, 5205726.02940817642957 ], [ 681400.542608318966813, 5205386.050612047314644 ], [ 681627.024095007916912, 5205033.735855612903833 ], [ 681834.756467014085501, 5204670.050809130072594 ], [ 681857.292160332319327, 5204628.082565423101187 ], [ 682067.458386428654194, 5204207.48314890358597 ], [ 682252.552372716600075, 5203775.263380721211433 ], [ 682411.934753343346529, 5203332.916267569176853 ], [ 682545.054977457970381, 5202881.969798794947565 ], [ 682553.788368869340047, 5202848.827962038107216 ], [ 682653.288112496840768, 5202424.691022407263517 ], [ 682729.55189235729631, 5201995.766578685492277 ], [ 682782.353547803475522, 5201563.326608604751527 ], [ 682811.536495243315585, 5201128.653515212237835 ], [ 682817.014192490139976, 5200693.036323891021311 ], [ 682798.770395403378643, 5200257.766859755851328 ], [ 682793.316541769076139, 5200178.989422925747931 ], [ 682754.138030300033279, 5199767.612573831342161 ], [ 682693.769293527468108, 5199358.807628468610346 ], [ 682612.371408322011121, 5198953.665367014706135 ], [ 682510.161561878863722, 5198553.266796809621155 ], [ 682387.412472215713933, 5198158.680267998948693 ], [ 682244.451660501305014, 5197770.958622941747308 ], [ 682081.66057715844363, 5197391.136386999860406 ], [ 681899.473584071849473, 5197020.227008199319243 ], [ 681698.376795615651645, 5196659.220153133384883 ], [ 681478.906781596015207, 5196309.079066314734519 ], [ 681471.465497981524095, 5196297.8618981577456 ], [ 681230.806949231773615, 5195954.931483500637114 ], [ 680972.525786018231884, 5195625.069926007650793 ], [ 680697.330335578531958, 5195309.181859691627324 ], [ 680405.975312003050931, 5195008.133596749976277 ], [ 680099.259746457682922, 5194722.750751723535359 ], [ 679778.024795868084766, 5194453.815977284684777 ], [ 679443.15143607603386, 5194202.06681783311069 ], [ 679095.558045792509802, 5193968.193686810322106 ], [ 679072.696586492937058, 5193953.666527318768203 ], [ 678688.235369342030026, 5193724.207643226720393 ], [ 678291.539346687379293, 5193516.616524457000196 ], [ 677883.851056052837521, 5193331.543391179293394 ], [ 677466.44746511708945, 5193169.567932371981442 ], [ 677040.635971974930726, 5193031.197490115649998 ], [ 676607.750310085131787, 5192916.865470488555729 ], [ 676169.146370728849433, 5192826.929986039176583 ], [ 676152.473554460331798, 5192823.994822894223034 ], [ 675756.370487518841401, 5192764.444867803715169 ], [ 675701.877789236954413, 5192759.024281019344926 ], [ 675365.299210862373002, 5192575.90088582970202 ], [ 674997.756573794991709, 5192399.571042202413082 ], [ 674621.708884424995631, 5192242.192710989154875 ], [ 674238.132572928094305, 5192104.174534380435944 ], [ 673848.023617994855158, 5191985.874884774908423 ], [ 673826.534376540454105, 5191979.951784857548773 ], [ 673536.350358863826841, 5191907.691343536600471 ], [ 673358.429041757830419, 5191807.928768381476402 ], [ 673284.752627814305015, 5191768.358829407952726 ], [ 672878.971453211619519, 5191565.037194404751062 ], [ 672462.312767681432888, 5191385.05500446818769 ], [ 672036.117678665323183, 5191228.991571785882115 ], [ 671994.823415372171439, 5191215.185828477144241 ], [ 671571.997170398244634, 5191086.693888074718416 ], [ 671142.720872648176737, 5190981.745937273837626 ], [ 670708.304433338111266, 5190900.662218536250293 ], [ 670545.126138133811764, 5190874.846858598291874 ], [ 670177.52140474319458, 5190825.396145890466869 ], [ 670088.69831209781114, 5190815.537960133515298 ], [ 669710.493226501275785, 5190782.62516422290355 ], [ 669331.152568787802011, 5190767.691835347563028 ], [ 668951.530580564169213, 5190770.771602043882012 ], [ 668572.482136968406849, 5190791.857528950087726 ], [ 668194.860821567242965, 5190830.902132423594594 ], [ 668139.893255895003676, 5190837.907350981608033 ], [ 667725.95086883334443, 5190901.713711231015623 ], [ 667315.915142304962501, 5190987.096697737462819 ], [ 666910.909955734736286, 5191093.822281670756638 ], [ 666708.68521091225557, 5191158.604671220295131 ], [ 666683.078073341632262, 5191159.423028907738626 ], [ 666265.734482678934, 5191194.691694140434265 ], [ 665850.808666223078035, 5191251.754100793041289 ], [ 665439.437906795763411, 5191330.453844774514437 ], [ 665032.749743054620922, 5191430.575215557590127 ], [ 664687.933268290595151, 5191534.881412575952709 ], [ 664332.327396172215231, 5191583.31282305996865 ], [ 663920.854218950611539, 5191661.4753194488585 ], [ 663514.035660408553667, 5191761.065539049915969 ], [ 663152.056366263772361, 5191870.047716597095132 ], [ 662891.948371794074774, 5191896.658481858670712 ], [ 662478.0939410852734, 5191961.032868048176169 ], [ 662068.175778549164534, 5192046.978498755022883 ], [ 661663.317441376158968, 5192154.259802979417145 ], [ 661264.628618127317168, 5192282.582730123773217 ], [ 660873.202087154379115, 5192431.59555596485734 ], [ 660490.11072137102019, 5192600.889846703968942 ], [ 660116.40454758272972, 5192790.001578457653522 ], [ 659753.10786843567621, 5192998.412409114651382 ], [ 659401.216454875073396, 5193225.551099075004458 ], [ 659061.694816805655137, 5193470.795076977461576 ], [ 658735.473559437668882, 5193733.472146124579012 ], [ 658423.44683256209828, 5194012.862326929345727 ], [ 658126.469879748765379, 5194308.199830325320363 ], [ 657845.356694182497449, 5194618.675156744197011 ], [ 657580.877787564997561, 5194943.437314898706973 ], [ 657333.758078195853159, 5195281.596154286526144 ], [ 657104.67490402108524, 5195632.224805032834411 ], [ 656894.256166097940877, 5195994.362218379974365 ], [ 656703.078607560833916, 5196367.015800847671926 ], [ 656531.666232809307985, 5196749.164134871214628 ], [ 656380.488871247740462, 5197139.759778427891433 ], [ 656249.960889515932649, 5197537.732136010192335 ], [ 656140.440055739018135, 5197941.990393048152328 ], [ 656052.22655890963506, 5198351.426505759358406 ], [ 655985.562186090974137, 5198764.918238217011094 ], [ 655940.629659695085138, 5199181.332238324917853 ], [ 655917.552136653685011, 5199599.527144254185259 ], [ 655916.392870853189379, 5200018.356712834909558 ], [ 655937.155039760749787, 5200436.672961331903934 ], [ 655979.781735714408569, 5200853.329313986003399 ], [ 656044.156121903564781, 5201267.183744694106281 ], [ 656130.10175261029508, 5201677.101907230913639 ], [ 656237.383056834805757, 5202081.960244403220713 ], [ 656365.705983979278244, 5202480.649067652411759 ], [ 656514.718809820013121, 5202872.075598625466228 ], [ 656684.013100559124723, 5203255.166964408941567 ], [ 656785.533398508676328, 5203455.782556877471507 ] ] ] ] } }
]
}
